Rk,Player,Tm,FantPos,Age,G,GS,PassCmp,PassAtt,PassYds,PassTD,PassInt,RushAtt,RushYds,RushY/A,RushTD,RecTgt,Rec,RecYds,RecY/R,RecTD,Fmb,FL,ScorTD,2PM,2PP,FantPT,PPR,DKPt,FDPt,VBD,PosRank,OvRank,Year
1,Jonathan Taylor,IND,RB,26,11,11,0,0,0,0,0,205,1197,5.84,15,35,32,268,8.38,2,1,0,17,1.0,,251.0,282.5,288.5,266.5,141.0,1,1.0,2025
2,Christian McCaffrey,SFO,RB,29,12,12,0,0,0,0,0,217,796,3.67,7,103,81,785,9.69,5,2,0,12,,,230.0,311.1,317.1,270.6,122.0,2,2.0,2025
3,Jahmyr Gibbs,DET,RB,23,11,11,0,0,0,0,0,155,951,6.14,10,55,48,379,7.9,3,0,0,13,,,211.0,259.0,265.0,235.0,104.0,3,3.0,2025
4,Jaxon Smith-Njigba,SEA,WR,23,11,11,0,0,0,0,0,6,37,6.17,0,107,80,1313,16.41,7,2,1,7,,,175.0,255.0,259.0,215.0,89.0,1,4.0,2025
5,De'Von Achane,MIA,RB,24,11,11,0,0,0,0,0,164,900,5.49,5,71,54,370,6.85,4,1,0,9,,,181.0,235.0,241.0,208.0,75.0,4,5.0,2025
6,James Cook,BUF,RB,26,11,11,0,0,0,0,0,199,1084,5.45,8,26,24,203,8.46,1,2,1,9,,,181.0,204.7,211.7,192.7,75.0,5,6.0,2025
7,Bijan Robinson,ATL,RB,23,11,11,0,0,0,0,0,172,853,4.96,4,61,49,543,11.08,2,2,1,6,1.0,,176.0,224.6,231.6,200.1,70.0,6,7.0,2025
8,George Pickens,DAL,WR,24,11,10,0,0,0,0,0,0,0,,0,92,67,1054,15.73,8,2,0,8,,,153.0,220.4,223.4,186.9,68.0,2,8.0,2025
9,Josh Allen,BUF,QB,29,11,11,228,327,2709,18,9,70,371,5.3,10,0,0,0,,0,5,2,10,,,255.0,255.5,272.5,264.5,67.0,1,9.0,2025
10,Amon-Ra St. Brown,DET,WR,26,11,11,0,0,0,0,0,3,9,3.0,0,107,75,884,11.79,9,1,0,9,,,143.0,218.3,221.3,180.8,59.0,3,10.0,2025
11,Drake Maye,NWE,QB,23,12,12,252,355,3130,21,6,75,307,4.09,2,1,1,2,2.0,0,6,2,2,1.0,,238.0,239.1,253.1,244.6,51.0,2,11.0,2025
12,Davante Adams,LAR,WR,33,11,11,0,0,0,0,0,0,0,,0,94,48,631,13.15,12,0,0,12,,,135.0,183.1,186.1,159.1,51.0,4,12.0,2025
13,Patrick Mahomes,KAN,QB,30,11,11,262,407,2977,18,7,52,318,6.12,4,0,0,0,,0,3,0,4,,2.0,237.0,236.9,249.9,243.9,50.0,3,13.0,2025
14,Trey McBride,ARI,TE,26,11,11,0,0,0,0,0,0,0,,0,109,80,797,9.96,7,0,0,7,,,122.0,201.7,204.7,161.7,50.0,1,14.0,2025
15,Josh Jacobs,GNB,RB,27,10,10,0,0,0,0,0,169,648,3.83,11,35,28,237,8.46,0,2,1,11,,,153.0,180.5,187.5,166.5,49.0,7,15.0,2025
16,Javonte Williams,DAL,RB,25,11,11,0,0,0,0,0,181,896,4.95,8,39,28,107,3.82,1,2,2,9,,,150.0,178.3,186.3,164.3,46.0,8,16.0,2025
17,Puka Nacua,LAR,WR,24,10,9,0,0,0,0,0,6,73,12.17,1,98,80,947,11.84,4,1,1,5,,,130.0,210.0,214.0,170.0,46.0,5,17.0,2025
18,Jalen Hurts,PHI,QB,27,11,11,207,308,2284,17,1,80,298,3.73,8,0,0,0,,0,5,2,8,,,231.0,231.2,240.2,232.2,45.0,4,18.0,2025
19,Kyren Williams,LAR,RB,25,11,11,0,0,0,0,0,170,796,4.68,6,32,24,184,7.67,3,2,2,9,,,148.0,172.0,180.0,160.0,44.0,9,19.0,2025
20,Derrick Henry,BAL,RB,31,11,11,0,1,0,0,0,187,871,4.66,9,17,13,98,7.54,0,3,2,9,,,147.0,159.9,164.9,153.4,43.0,10,20.0,2025
21,Rico Dowdle,CAR,RB,27,12,6,0,0,0,0,0,174,871,5.01,5,34,27,233,8.63,1,1,0,6,,,146.0,173.4,179.4,159.9,43.0,11,21.0,2025
22,Matthew Stafford,LAR,QB,37,11,11,248,373,2830,30,2,24,-9,-0.38,0,0,0,0,,0,5,2,0,,,224.0,224.3,231.3,226.3,38.0,5,22.0,2025
23,Travis Etienne,JAX,RB,26,11,11,0,0,0,0,0,169,815,4.82,5,37,24,160,6.67,2,1,0,7,,,140.0,163.5,169.5,151.5,36.0,12,23.0,2025
24,Dak Prescott,DAL,QB,32,11,11,276,398,2941,23,7,38,126,3.32,2,0,0,0,,0,4,1,2,,1.0,220.0,220.2,234.2,227.2,34.0,6,24.0,2025
25,Drake London,ATL,WR,24,9,9,0,0,0,0,0,0,0,,0,94,60,810,13.5,6,1,1,6,1.0,,117.0,177.0,181.0,147.0,34.0,6,25.0,2025
26,Ja'Marr Chase,CIN,WR,25,10,10,0,0,0,0,0,2,6,3.0,0,117,79,861,10.9,5,1,1,5,,,115.0,193.7,197.7,154.2,32.0,7,26.0,2025
27,Emeka Egbuka,TAM,WR,23,11,10,0,0,0,0,0,2,9,4.5,0,93,48,749,15.6,6,0,0,6,1.0,,114.0,161.8,164.8,137.8,31.0,8,27.0,2025
28,Caleb Williams,CHI,QB,24,11,11,213,360,2568,16,4,56,293,5.23,3,2,2,22,11.0,1,6,1,4,,,212.0,214.2,225.2,217.2,27.0,7,28.0,2025
29,Ashton Jeanty,LVR,RB,22,11,11,0,0,0,0,0,166,604,3.64,4,46,37,221,5.97,4,2,1,8,,,129.0,165.5,172.5,147.0,26.0,13,29.0,2025
30,Saquon Barkley,PHI,RB,28,11,11,0,0,0,0,0,185,684,3.7,4,41,35,259,7.4,2,1,1,6,,,128.0,163.3,170.3,145.8,26.0,14,30.0,2025
31,Tetairoa McMillan,CAR,WR,22,12,12,0,0,0,0,0,0,0,,0,96,56,783,13.98,5,0,0,5,,,108.0,164.3,167.3,136.3,26.0,9,31.0,2025
32,Daniel Jones,IND,QB,28,11,11,242,350,2840,17,7,43,159,3.7,5,0,0,0,,0,8,3,5,,1.0,210.0,209.5,225.5,216.5,24.0,8,32.0,2025
33,Breece Hall,NYJ,RB,24,11,11,1,1,4,1,0,168,766,4.56,2,37,28,301,10.75,1,2,2,3,,,125.0,152.9,160.9,138.9,23.0,15,33.0,2025
34,Michael Pittman Jr.,IND,WR,28,11,10,0,0,0,0,0,0,0,,0,78,59,607,10.29,7,0,0,7,1.0,,105.0,163.7,166.7,134.2,23.0,10,34.0,2025
35,Travis Kelce,KAN,TE,36,11,11,0,0,0,0,0,1,1,1.0,0,72,54,674,12.48,4,0,0,4,1.0,,94.0,147.5,150.5,120.5,23.0,2,35.0,2025
36,Justin Herbert,LAC,QB,27,11,11,250,376,2691,19,9,54,345,6.39,1,0,0,0,,0,2,1,1,1.0,,206.0,206.1,222.1,215.1,21.0,9,36.0,2025
37,Jaylen Waddle,MIA,WR,27,11,11,1,1,8,0,0,0,0,,0,73,49,722,14.73,5,0,0,5,,,103.0,151.5,154.5,127.0,21.0,11,37.0,2025
38,Tyler Warren,IND,TE,23,11,8,0,1,0,0,0,4,6,1.5,1,74,55,662,12.04,3,0,0,4,,,91.0,145.8,148.8,118.3,21.0,3,38.0,2025
39,Tee Higgins,CIN,WR,26,11,11,0,0,0,0,0,0,0,,0,70,40,575,14.38,7,0,0,7,1.0,,102.0,141.5,144.5,121.5,20.0,12,39.0,2025
40,Rome Odunze,CHI,WR,23,11,11,0,0,0,0,0,0,0,,0,84,42,653,15.55,6,0,0,6,,,101.0,143.3,146.3,122.3,19.0,13,40.0,2025
41,Wan'Dale Robinson,NYG,WR,24,12,11,0,0,0,0,0,2,2,1.0,0,102,66,794,12.03,3,1,0,3,,,98.0,163.6,166.6,130.6,16.0,14,41.0,2025
42,Jake Ferguson,DAL,TE,26,11,7,0,0,0,0,0,1,1,1.0,0,77,65,460,7.08,7,2,1,7,,,86.0,151.1,155.1,118.6,16.0,4,42.0,2025
43,Tucker Kraft,GNB,TE,25,8,8,0,0,0,0,0,1,3,3.0,0,44,32,489,15.28,6,0,0,6,,,85.0,117.2,120.2,101.2,15.0,5,43.0,2025
44,Quinshon Judkins,CLE,RB,22,10,10,0,0,0,0,0,173,667,3.86,7,20,14,70,5.0,0,0,0,7,,,116.0,129.7,132.7,122.7,14.0,16,44.0,2025
45,Chris Olave,NOR,WR,25,11,11,0,1,0,0,1,1,-3,-3.0,0,108,69,734,10.64,4,0,0,4,,,95.0,164.1,168.1,130.6,14.0,15,45.0,2025
46,Hunter Henry,NWE,TE,31,12,12,0,0,0,0,0,0,0,,0,63,41,537,13.1,5,0,0,5,,,84.0,124.7,127.7,104.2,14.0,6,46.0,2025
47,Bo Nix,DEN,QB,25,11,11,237,387,2421,18,8,50,213,4.26,3,1,0,0,,0,2,1,3,,4.0,198.0,198.1,213.1,206.1,13.0,10,47.0,2025
48,D.K. Metcalf,PIT,WR,28,11,11,0,0,0,0,0,2,12,6.0,1,70,42,573,13.64,5,0,0,6,,,95.0,136.5,139.5,115.5,13.0,17,48.0,2025
49,Nico Collins,HOU,WR,26,10,10,0,0,0,0,0,1,8,8.0,0,85,52,697,13.4,4,1,1,4,1.0,,95.0,146.5,150.5,120.5,13.0,16,49.0,2025
50,D'Andre Swift,CHI,RB,26,10,10,0,0,0,0,0,142,649,4.57,4,34,24,224,9.33,1,2,2,5,,,113.0,137.3,145.3,125.3,12.0,17,50.0,2025
51,DeVonta Smith,PHI,WR,27,11,11,0,0,0,0,0,0,0,,0,78,55,754,13.71,3,0,0,3,,,93.0,148.4,151.4,120.9,12.0,18,51.0,2025
52,Justin Jefferson,MIN,WR,26,11,11,0,0,0,0,0,1,4,4.0,0,99,60,795,13.25,2,0,0,2,,,92.0,151.9,154.9,121.9,11.0,19,52.0,2025
53,Courtland Sutton,DEN,WR,30,11,11,0,0,0,0,0,0,0,,0,74,45,649,14.42,4,0,0,4,1.0,,91.0,135.9,138.9,113.4,10.0,20,53.0,2025
54,Dallas Goedert,PHI,TE,30,10,10,0,0,0,0,0,0,0,,0,52,38,376,9.89,7,0,0,7,,,80.0,117.6,120.6,98.6,10.0,7,54.0,2025
55,Jared Goff,DET,QB,31,11,11,244,352,2769,23,5,12,22,1.83,0,0,0,0,,0,3,2,0,,,191.0,191.0,201.0,196.0,7.0,11,55.0,2025
56,Deebo Samuel,WAS,WR,29,10,6,0,0,0,0,0,11,52,4.73,1,68,53,470,8.87,5,1,0,6,,,88.0,141.2,144.2,114.7,7.0,22,56.0,2025
57,Ladd McConkey,LAC,WR,24,11,9,0,0,0,0,0,0,0,,0,84,54,644,11.93,4,0,0,4,,,88.0,142.4,145.4,115.4,7.0,21,57.0,2025
58,TreVeyon Henderson,NWE,RB,23,12,4,0,0,0,0,0,118,558,4.73,5,34,29,180,6.21,1,1,1,6,,,108.0,136.8,143.8,122.3,6.0,19,58.0,2025
59,Chase Brown,CIN,RB,25,11,11,0,0,0,0,0,145,626,4.32,2,57,41,252,6.15,1,2,0,3,1.0,,108.0,148.8,154.8,128.3,6.0,18,59.0,2025
60,Kenneth Walker III,SEA,RB,25,11,11,0,0,0,0,0,147,677,4.61,4,19,17,157,9.24,0,0,0,4,,,107.0,124.4,130.4,115.9,6.0,20,60.0,2025
61,Jameson Williams,DET,WR,24,11,9,0,0,0,0,0,4,10,2.5,0,53,31,562,18.13,5,0,0,5,,,87.0,118.2,121.2,102.7,6.0,23,61.0,2025
62,Tre Tucker,LVR,WR,24,11,11,0,0,0,0,0,6,36,6.0,0,64,41,530,12.93,5,0,0,5,,,87.0,127.6,130.6,107.1,6.0,24,62.0,2025
63,Jaylen Warren,PIT,RB,27,10,9,0,0,0,0,0,141,604,4.28,3,28,25,219,8.76,1,0,0,4,,,106.0,131.3,137.3,118.8,5.0,21,63.0,2025
64,Troy Franklin,DEN,WR,22,11,6,0,0,0,0,0,4,9,2.25,0,81,46,509,11.07,5,1,1,5,3.0,,86.0,131.8,135.8,108.8,5.0,26,64.0,2025
65,Stefon Diggs,NWE,WR,32,12,12,0,0,0,0,0,0,0,,0,75,61,679,11.13,3,0,0,3,,,86.0,146.9,149.9,116.4,5.0,25,65.0,2025
66,J.K. Dobbins,DEN,RB,27,10,9,0,0,0,0,0,153,772,5.05,4,14,11,37,3.36,0,0,0,4,,,105.0,115.9,118.9,110.4,4.0,22,66.0,2025
67,Quentin Johnston,LAC,WR,24,10,8,0,0,0,0,0,2,7,3.5,0,65,37,502,13.57,6,1,1,6,,,85.0,121.9,125.9,103.4,4.0,27,67.0,2025
68,Theo Johnson,NYG,TE,24,12,12,0,0,0,0,0,0,0,,0,60,39,427,10.95,5,0,0,5,,,73.0,111.7,114.7,92.2,4.0,8,68.0,2025
69,Cam Skattebo,NYG,RB,23,8,5,0,0,0,0,0,101,410,4.06,5,32,24,207,8.63,2,1,1,7,1.0,,104.0,127.7,134.7,115.7,3.0,23,69.0,2025
70,Zay Flowers,BAL,WR,25,11,11,0,0,0,0,0,8,42,5.25,0,77,58,761,13.12,1,1,1,1,,,84.0,142.3,146.3,113.3,3.0,28,70.0,2025
71,Keenan Allen,LAC,WR,33,11,2,0,0,0,0,0,0,0,,0,86,56,592,10.57,4,1,0,4,,,83.0,139.2,142.2,111.2,2.0,29,71.0,2025
72,Brock Bowers,LVR,TE,23,8,4,0,0,0,0,0,2,2,1.0,0,64,45,510,11.33,3,0,0,3,1.0,,71.0,116.2,119.2,93.7,2.0,9,72.0,2025
73,Juwan Johnson,NOR,TE,29,11,7,0,0,0,0,0,0,0,,0,67,49,537,10.96,3,1,1,3,,,70.0,118.7,122.7,94.2,1.0,10,73.0,2025
74,Baker Mayfield,TAM,QB,30,11,11,225,359,2406,18,5,31,216,6.97,1,0,0,0,,0,7,2,1,,1.0,184.0,183.8,196.8,188.8,,12,74.0,2025
75,Trevor Lawrence,JAX,QB,26,11,11,220,368,2407,14,11,54,210,3.89,5,0,0,0,,0,5,3,5,,,175.0,175.3,195.3,186.3,,13,75.0,2025
76,Jordan Love,GNB,QB,27,11,11,224,331,2560,15,3,36,160,4.44,0,0,0,0,,0,5,2,0,,2.0,172.0,172.4,183.4,175.4,,14,76.0,2025
77,Sam Darnold,SEA,QB,28,11,11,207,298,2785,19,10,16,49,3.06,0,0,0,0,,0,5,4,0,,,164.0,164.3,181.3,174.3,,15,77.0,2025
78,Jaxson Dart,NYG,QB,22,9,7,128,204,1417,10,3,57,317,5.56,7,0,0,0,,0,3,2,7,,,160.0,160.4,171.4,163.4,,16,78.0,2025
79,Lamar Jackson,BAL,QB,28,8,8,130,195,1595,15,3,46,237,5.15,1,0,0,0,,0,4,1,1,,1.0,148.0,147.5,157.5,150.5,,17,,2025
80,Joe Flacco,2TM,QB,40,10,10,247,410,2451,15,10,16,31,1.94,1,0,0,0,,0,3,3,1,,2.0,145.0,145.1,161.1,155.1,,19,,2025
81,Aaron Rodgers,PIT,QB,42,10,10,192,289,1969,19,7,14,26,1.86,0,0,0,0,,0,2,0,0,,1.0,145.0,145.4,155.4,152.4,,18,,2025
82,Justin Fields,NYJ,QB,26,9,9,128,204,1259,7,1,71,383,5.39,4,1,0,0,,0,4,3,4,2.0,3.0,143.0,142.7,152.7,143.7,,20,,2025
83,Bryce Young,CAR,QB,24,11,11,215,343,2131,15,9,27,98,3.63,1,0,0,0,,0,6,4,1,,1.0,137.0,137.0,153.0,146.0,,21,,2025
84,Geno Smith,LVR,QB,35,11,11,235,353,2367,13,13,37,110,2.97,0,0,0,0,,0,3,1,0,,1.0,132.0,131.7,151.7,144.7,,22,,2025
85,Tua Tagovailoa,MIA,QB,27,11,11,213,312,2123,17,13,14,38,2.71,0,0,0,0,,0,6,1,0,,1.0,131.0,130.7,147.7,143.7,,23,,2025
86,Mac Jones,SFO,QB,27,9,8,201,289,2151,13,6,31,61,1.97,0,0,0,0,,0,4,2,0,,1.0,130.0,130.1,141.1,136.1,,24,,2025
87,Jacoby Brissett,ARI,QB,33,8,6,175,262,1887,11,3,24,100,4.17,1,0,0,0,,0,4,3,1,,1.0,125.0,125.5,137.5,128.5,,25,,2025
88,C.J. Stroud,HOU,QB,24,8,8,161,242,1702,11,5,29,189,6.52,0,0,0,0,,0,0,0,0,,,121.0,121.0,132.0,126.0,,26,,2025
89,Michael Penix,ATL,QB,25,9,9,166,276,1982,9,3,21,70,3.33,1,0,0,0,,0,4,2,1,,1.0,120.0,120.3,128.3,123.3,,27,,2025
90,Jayden Daniels,WAS,QB,25,6,6,105,168,1184,8,2,54,262,4.85,2,0,0,0,,0,3,2,2,,1.0,112.0,111.6,121.6,113.6,,28,,2025
91,Cam Ward,TEN,QB,23,11,11,222,374,2210,7,6,27,116,4.3,1,0,0,0,,0,8,6,1,,,110.0,110.0,128.0,116.0,,29,,2025
92,Kareem Hunt,KAN,RB,30,11,3,0,0,0,0,0,116,457,3.94,7,16,13,92,7.08,1,2,1,8,,,101.0,113.9,117.9,107.4,,24,,2025
93,David Montgomery,DET,RB,28,11,0,1,1,3,1,0,115,511,4.44,5,22,18,135,7.5,0,1,1,5,1.0,,99.0,116.7,123.7,107.7,,25,,2025
94,Spencer Rattler,NOR,QB,25,8,8,174,256,1586,8,5,31,167,5.39,0,2,1,0,0.0,0,4,2,0,,,98.0,99.1,112.1,103.6,,30,,2025
95,Zach Charbonnet,SEA,RB,24,10,0,0,0,0,0,0,111,385,3.47,7,10,9,67,7.44,0,0,0,7,,,87.0,96.2,99.2,91.7,,26,,2025
96,Marcus Mariota,WAS,QB,32,7,5,92,140,1065,7,5,27,193,7.15,1,0,0,0,,0,2,1,1,,1.0,86.0,85.9,97.9,90.9,,31,,2025
97,Jordan Mason,MIN,RB,26,11,4,0,0,0,0,0,116,531,4.58,5,14,12,44,3.67,0,2,1,5,,,86.0,97.5,101.5,91.5,,27,,2025
98,Kenneth Gainwell,PIT,RB,26,11,2,0,0,0,0,0,71,336,4.73,3,48,42,234,5.57,2,2,1,5,,,85.0,127.0,134.0,106.0,,28,,2025
99,Woody Marks,HOU,RB,25,11,3,0,0,0,0,0,115,422,3.67,2,26,17,185,10.88,2,0,0,4,,,85.0,101.7,107.7,93.2,,29,,2025
100,A.J. Brown,PHI,WR,28,10,10,0,0,0,0,0,0,0,,0,75,46,567,12.33,4,0,0,4,,,81.0,126.7,129.7,103.7,,30,,2025
101,RJ Harvey,DEN,RB,24,11,2,0,1,0,0,0,61,244,4.0,2,32,28,195,6.96,4,0,0,6,,,80.0,107.9,113.9,93.9,,31,,2025
102,Kyle Monangai,CHI,RB,23,11,1,0,0,0,0,0,99,461,4.66,4,16,10,97,9.7,0,0,0,4,,,80.0,89.8,92.8,84.8,,32,,2025
103,D.J. Moore,CHI,WR,28,11,11,1,1,2,1,0,13,57,4.38,1,58,36,485,13.47,3,1,1,4,,,80.0,116.3,120.3,98.3,,31,,2025
104,Rachaad White,TAM,RB,26,11,7,0,0,0,0,0,104,414,3.98,4,33,29,148,5.1,0,0,0,4,,,80.0,109.2,115.2,94.7,,30,,2025
105,Marvin Harrison Jr.,ARI,WR,23,9,9,0,0,0,0,0,0,0,,0,62,34,525,15.44,4,0,0,4,1.0,,79.0,112.5,115.5,95.5,,32,,2025
106,Tyler Allgeier,ATL,RB,25,11,1,0,0,0,0,0,89,324,3.64,7,9,8,31,3.88,0,0,0,7,,,78.0,85.5,88.5,81.5,,33,,2025
107,Romeo Doubs,GNB,WR,25,11,11,0,0,0,0,0,0,0,,0,67,41,522,12.73,4,0,0,4,1.0,,78.0,119.2,122.2,98.7,,33,,2025
108,Kyler Murray,ARI,QB,28,5,5,110,161,962,6,3,29,173,5.97,1,0,0,0,,0,1,1,1,,,78.0,77.8,87.8,80.8,,32,,2025
109,Jacory Croskey-Merritt,WAS,RB,24,11,5,0,0,0,0,0,114,498,4.37,4,13,9,68,7.56,0,2,2,4,,,77.0,85.6,90.6,81.1,,35,,2025
110,Tony Pollard,TEN,RB,28,11,11,0,0,0,0,0,140,522,3.73,2,32,26,168,6.46,0,2,2,2,,,77.0,103.0,111.0,90.0,,34,,2025
111,Kayshon Boutte,NWE,WR,23,10,7,0,0,0,0,0,0,0,,0,33,25,446,17.84,5,0,0,5,,,75.0,99.6,102.6,87.1,,35,,2025
112,CeeDee Lamb,DAL,WR,26,8,7,0,0,0,0,0,1,2,2.0,0,72,44,632,14.36,2,0,0,2,,,75.0,119.4,122.4,97.4,,34,,2025
113,Khalil Shakir,BUF,WR,25,11,7,0,0,0,0,0,1,5,5.0,0,71,54,564,10.44,3,1,1,3,,,73.0,126.9,130.9,99.9,,36,,2025
114,Parker Washington,JAX,WR,23,11,5,0,0,0,0,0,6,5,0.83,0,60,35,421,12.03,3,1,0,5,,,73.0,107.6,110.6,90.1,,37,,2025
115,Dillon Gabriel,CLE,QB,25,8,6,109,184,937,7,2,14,86,6.14,0,0,0,0,,0,0,0,0,,,70.0,70.1,75.1,72.1,,34,,2025
116,Carson Wentz,MIN,QB,33,5,5,110,169,1216,6,5,11,57,5.18,0,0,0,0,,0,3,0,0,,1.0,70.0,70.3,78.3,75.3,,33,,2025
117,Mark Andrews,BAL,TE,30,11,8,0,0,0,0,0,9,45,5.0,1,46,33,285,8.64,5,1,0,6,,,69.0,102.0,105.0,85.5,,11,,2025
118,Dalton Kincaid,BUF,TE,26,8,3,0,0,0,0,0,0,0,,0,36,29,448,15.45,4,1,0,4,,,69.0,97.8,100.8,83.3,,12,,2025
119,Marquise Brown,KAN,WR,28,11,4,0,0,0,0,0,0,0,,0,58,39,439,11.26,4,1,0,4,,,68.0,106.9,109.9,87.4,,38,,2025
120,Chuba Hubbard,CAR,RB,26,10,6,0,0,0,0,0,94,350,3.72,1,30,21,153,7.29,2,0,0,3,,,68.0,89.3,95.3,78.8,,36,,2025
121,Alvin Kamara,NOR,RB,30,11,11,0,0,0,0,0,131,471,3.6,1,39,33,186,5.64,0,2,2,1,,,68.0,100.7,108.7,84.2,,37,,2025
122,Sam LaPorta,DET,TE,24,9,9,0,0,0,0,0,0,0,,0,49,40,489,12.23,3,0,0,3,,,67.0,106.9,109.9,86.9,,13,,2025
123,Alec Pierce,IND,WR,25,9,8,0,0,0,0,0,0,0,,0,54,29,611,21.07,1,0,0,1,,,67.0,96.1,99.1,81.6,,40,,2025
124,Rashee Rice,KAN,WR,25,5,5,0,0,0,0,0,4,18,4.5,1,47,34,394,11.59,3,1,0,4,1.0,,67.0,101.2,104.2,84.2,,39,,2025
125,Jauan Jennings,SFO,WR,28,10,10,0,0,0,0,0,0,0,,0,63,37,419,11.32,4,1,1,4,1.0,,66.0,102.9,106.9,84.4,,42,,2025
126,Davis Mills,HOU,QB,27,5,3,88,150,879,5,1,12,48,4.0,1,0,0,0,,0,1,0,1,,1.0,66.0,66.0,70.0,67.0,,35,,2025
127,Rashid Shaheed,2TM,WR,27,12,11,0,0,0,0,0,6,32,5.33,0,74,47,529,11.26,2,2,1,2,,,66.0,113.1,117.1,89.6,,41,,2025
128,Tyrone Tracy Jr.,NYG,RB,26,10,6,0,0,0,0,0,103,398,3.86,1,30,21,206,9.81,0,0,0,1,,,66.0,87.4,93.4,76.9,,38,,2025
129,Zach Ertz,WAS,TE,35,11,11,0,0,0,0,0,0,0,,0,57,39,387,9.92,4,1,0,4,1.0,,65.0,103.7,106.7,84.2,,14,,2025
130,J.J. McCarthy,MIN,QB,22,6,6,86,159,929,6,10,23,120,5.22,2,0,0,0,,0,5,1,2,,1.0,65.0,65.2,82.2,75.2,,36,,2025
131,Kimani Vidal,LAC,RB,24,8,6,0,0,0,0,0,96,417,4.34,2,16,12,52,4.33,1,1,0,3,,,65.0,76.9,79.9,70.9,,39,,2025
132,AJ Barner,SEA,TE,23,11,11,0,0,0,0,0,8,11,1.38,1,41,33,324,9.82,4,2,0,5,,,64.0,96.5,99.5,80.0,,15,,2025
133,Garrett Wilson,NYJ,WR,25,7,7,0,0,0,0,0,0,0,,0,59,36,395,10.97,4,1,0,4,,,64.0,99.5,102.5,81.5,,43,,2025
134,George Kittle,SFO,TE,32,7,7,0,0,0,0,0,1,-3,-3.0,0,40,33,329,9.97,5,0,0,5,,,63.0,95.6,98.6,79.1,,16,,2025
135,Jordan Addison,MIN,WR,23,8,7,0,0,0,0,0,1,16,16.0,0,53,28,412,14.71,3,0,0,3,,,61.0,88.8,91.8,74.8,,44,,2025
136,Nick Chubb,HOU,RB,30,11,8,0,0,0,0,0,105,435,4.14,2,19,12,58,4.83,0,0,0,2,,,61.0,73.3,76.3,67.3,,41,,2025
137,Oronde Gadsden II,LAC,TE,22,9,4,0,0,0,0,0,0,0,,0,49,37,507,13.7,2,1,1,2,,,61.0,97.7,101.7,79.2,,17,,2025
138,Brock Purdy,SFO,QB,26,4,4,90,131,979,8,7,14,39,2.79,0,0,0,0,,0,1,1,0,,1.0,61.0,61.1,72.1,68.1,,37,,2025
139,Sean Tucker,TAM,RB,24,11,0,0,0,0,0,0,63,277,4.4,4,10,8,34,4.25,1,1,0,5,,,61.0,69.1,72.1,65.1,,42,,2025
140,Emanuel Wilson,GNB,RB,26,11,1,0,0,0,0,0,81,327,4.04,3,15,13,87,6.69,0,1,0,3,1.0,,61.0,74.4,77.4,67.9,,40,,2025
141,Tez Johnson,TAM,WR,23,10,6,0,0,0,0,0,6,17,2.83,0,37,23,282,12.26,5,0,0,5,,,60.0,82.9,85.9,71.4,,45,,2025
142,Rhamondre Stevenson,NWE,RB,27,9,8,0,0,0,0,0,89,284,3.19,3,21,17,174,10.24,0,3,3,3,1.0,,60.0,76.8,85.8,68.3,,43,,2025
143,Harold Fannin,CLE,TE,21,11,9,0,0,0,0,0,4,10,2.5,0,69,48,462,9.63,2,0,0,2,,,59.0,107.2,110.2,83.2,,18,,2025
144,Michael Wilson,ARI,WR,25,11,7,0,0,0,0,0,0,0,,0,71,47,534,11.36,1,0,0,1,,,59.0,106.4,109.4,82.9,,46,,2025
145,Demario Douglas,NWE,WR,25,12,0,0,0,0,0,0,6,16,2.67,0,36,24,369,15.38,3,0,0,3,,,57.0,80.5,83.5,68.5,,48,,2025
146,Omarion Hampton,LAC,RB,22,5,5,0,0,0,0,0,66,314,4.76,2,22,20,136,6.8,0,1,0,2,,,57.0,77.0,83.0,67.0,,44,,2025
147,Jakobi Meyers,2TM,WR,29,10,7,0,0,0,0,0,0,0,,0,64,45,507,11.27,1,0,0,1,,,57.0,101.7,104.7,79.2,,47,,2025
148,Colston Loveland,CHI,TE,21,10,8,0,0,0,0,0,0,0,,0,38,28,378,13.5,3,0,0,3,,,56.0,83.8,86.8,69.8,,19,,2025
149,Dalton Schultz,HOU,TE,29,11,4,0,0,0,0,0,0,0,,0,72,52,497,9.56,1,0,0,1,,,56.0,107.7,110.7,81.7,,20,,2025
150,Brian Thomas,JAX,WR,23,8,8,0,0,0,0,0,2,16,8.0,1,60,30,420,14.0,1,0,0,2,,,56.0,85.6,88.6,70.6,,49,,2025
151,Bhayshul Tuten,JAX,RB,23,11,0,0,0,0,0,0,67,255,3.81,3,12,8,61,7.63,1,0,0,4,,,56.0,63.6,66.6,59.6,,45,,2025
152,Aaron Jones,MIN,RB,31,7,7,0,0,0,0,0,61,297,4.87,1,26,16,128,8.0,1,1,0,2,,,55.0,70.5,76.5,62.5,,46,,2025
153,Tyquan Thornton,KAN,WR,25,11,3,0,0,0,0,0,0,0,,0,31,15,372,24.8,3,0,0,3,,,55.0,70.2,73.2,62.7,,50,,2025
154,Pat Freiermuth,PIT,TE,27,11,4,0,0,0,0,0,0,0,,0,32,26,298,11.46,4,0,0,4,,,54.0,79.8,82.8,66.8,,21,,2025
155,Mack Hollins,NWE,WR,32,12,10,0,0,0,0,0,1,4,4.0,0,44,32,417,13.03,2,0,0,2,,,54.0,86.1,89.1,70.1,,51,,2025
156,Zonovan Knight,ARI,RB,24,9,5,0,0,0,0,0,63,193,3.06,4,22,16,106,6.63,0,0,0,4,,,54.0,69.9,75.9,61.9,,47,,2025
157,Jayden Higgins,HOU,WR,23,11,6,0,0,0,0,0,0,0,,0,45,27,294,10.89,4,0,0,4,,,53.0,80.4,83.4,66.9,,52,,2025
158,Bucky Irving,TAM,RB,23,4,4,0,0,0,0,0,71,237,3.34,0,19,19,193,10.16,2,1,1,2,,,53.0,72.0,79.0,62.5,,48,,2025
159,Tory Horton,SEA,WR,23,8,3,0,0,0,0,0,0,0,,0,22,13,161,12.38,5,0,0,6,,,52.0,65.1,68.1,58.6,,53,,2025
160,Kyle Pitts,ATL,TE,25,11,11,0,0,0,0,0,0,0,,0,67,49,459,9.37,1,0,0,1,,,52.0,100.9,103.9,76.4,,22,,2025
161,Chimere Dike,TEN,WR,24,11,7,0,0,0,0,0,8,17,2.13,0,43,28,252,9.0,2,1,0,4,,,51.0,78.9,81.9,64.9,,54,,2025
162,Russell Wilson,NYG,QB,37,6,3,69,119,831,3,3,18,106,5.89,0,0,0,0,,0,3,0,0,,,50.0,49.8,58.8,52.8,,38,,2025
163,Jake Browning,CIN,QB,29,5,3,81,125,771,6,8,9,39,4.33,1,0,0,0,,0,1,0,1,,,49.0,48.7,59.7,56.7,,39,,2025
164,Keon Coleman,BUF,WR,22,9,6,0,0,0,0,0,0,0,,0,49,32,330,10.31,3,1,1,3,,,49.0,81.0,85.0,65.0,,55,,2025
165,Josh Downs,IND,WR,24,10,6,0,0,0,0,0,0,0,,0,54,38,326,8.58,3,1,1,3,,,49.0,86.6,90.6,67.6,,56,,2025
166,Isiah Pacheco,KAN,RB,26,8,8,0,0,0,0,0,78,329,4.22,1,17,11,43,3.91,1,0,0,2,,,49.0,60.2,63.2,54.7,,49,,2025
167,Kendrick Bourne,SFO,WR,30,11,7,0,0,0,0,0,0,0,,0,42,31,482,15.55,0,0,0,0,,,48.0,79.2,82.2,63.7,,57,,2025
168,Xavier Legette,CAR,WR,24,10,10,0,0,0,0,0,1,0,0.0,0,51,27,286,10.59,3,1,0,3,,,47.0,73.6,76.6,60.1,,61,,2025
169,Jalen Nailor,MIN,WR,26,11,6,0,0,0,0,0,1,15,15.0,0,38,20,318,15.9,2,0,0,2,1.0,,47.0,67.3,70.3,57.3,,58,,2025
170,David Njoku,CLE,TE,29,10,9,0,0,0,0,0,0,0,,0,45,30,288,9.6,3,0,0,3,,,47.0,76.8,79.8,61.8,,23,,2025
171,Chris Rodriguez,WAS,RB,25,9,4,0,0,0,0,0,60,279,4.65,3,1,1,6,6.0,0,0,0,3,,,47.0,47.5,50.5,47.0,,50,,2025
172,Jake Tonges,SFO,TE,26,12,1,0,0,0,0,0,0,0,,0,35,26,226,8.69,4,0,0,4,,,47.0,72.6,75.6,59.6,,24,,2025
173,Malik Washington,MIA,WR,24,11,3,0,0,0,0,0,13,78,6.0,0,47,33,234,7.09,2,1,1,3,,,47.0,80.2,84.2,63.7,,60,,2025
174,Xavier Worthy,KAN,WR,22,9,9,0,0,0,0,0,7,73,10.43,0,53,31,340,10.97,1,0,0,1,,,47.0,78.3,81.3,62.8,,59,,2025
175,Xavier Hutchinson,HOU,WR,25,11,4,0,0,0,0,0,2,14,7.0,0,34,24,264,11.0,3,0,0,3,,,46.0,69.8,72.8,57.8,,62,,2025
176,Elic Ayomanor,TEN,WR,22,10,9,0,0,0,0,0,0,0,,0,59,28,334,11.93,2,0,0,2,,,45.0,73.4,76.4,59.4,,63,,2025
177,Greg Dortch,ARI,WR,27,11,3,0,0,0,0,0,7,15,2.14,1,31,27,192,7.11,3,1,0,4,,,45.0,71.7,74.7,58.2,,65,,2025
178,Cooper Kupp,SEA,WR,32,10,10,0,1,0,0,1,0,0,,0,46,31,414,13.35,1,0,0,1,,,45.0,76.4,80.4,61.9,,64,,2025
179,Devin Singletary,NYG,RB,28,12,1,0,0,0,0,0,74,238,3.22,2,10,9,92,10.22,0,0,0,2,,,45.0,54.0,57.0,49.5,,51,,2025
180,Justice Hill,BAL,RB,28,10,0,0,0,0,0,0,18,93,5.17,2,27,21,169,8.05,1,1,0,3,,,44.0,65.2,68.2,54.7,,52,,2025
181,Jerry Jeudy,CLE,WR,26,11,11,0,0,0,0,0,0,0,,0,76,32,395,12.34,1,1,1,1,,,44.0,75.5,79.5,59.5,,66,,2025
182,Brian Robinson Jr.,SFO,RB,26,12,0,0,0,0,0,0,64,302,4.72,2,10,7,19,2.71,0,0,0,2,,,44.0,51.1,54.1,47.6,,53,,2025
183,T.J. Hockenson,MIN,TE,28,11,11,0,0,0,0,0,1,0,0.0,0,51,38,299,7.87,2,0,0,2,,,42.0,79.9,82.9,60.9,,25,,2025
184,Sterling Shepard,TAM,WR,32,11,1,0,0,0,0,0,4,19,4.75,0,50,37,361,9.76,1,1,1,1,,,42.0,79.0,83.0,60.5,,67,,2025
185,Jameis Winston,NYG,QB,31,2,2,37,65,567,2,2,7,23,3.29,1,1,1,33,33.0,1,1,1,2,,,42.0,43.3,49.3,44.8,,40,,2025
186,Blake Corum,LAR,RB,25,11,0,0,0,0,0,0,82,341,4.16,1,10,5,10,2.0,0,0,0,1,,,41.0,46.1,49.1,43.6,,54,,2025
187,Noah Fant,CIN,TE,28,10,5,0,0,0,0,0,0,0,,0,35,31,265,8.55,3,2,2,3,,,41.0,71.5,76.5,56.0,,26,,2025
188,Calvin Austin III,PIT,WR,26,9,7,0,0,0,0,0,0,0,,0,42,26,278,10.69,2,0,0,2,,,40.0,65.8,68.8,52.8,,70,,2025
189,Luke McCaffrey,WAS,WR,24,9,0,0,0,0,0,0,0,0,,0,15,11,203,18.45,3,0,0,3,1.0,,40.0,51.3,54.3,45.8,,68,,2025
190,Cade Otton,TAM,TE,26,11,11,0,0,0,0,0,0,0,,0,60,41,402,9.8,0,0,0,0,,,40.0,81.2,84.2,60.7,,27,,2025
191,Dylan Sampson,CLE,RB,21,11,1,0,0,0,0,0,38,89,2.34,0,28,23,195,8.48,2,0,0,2,,,40.0,63.4,66.4,51.9,,55,,2025
192,Tyler Shough,NOR,QB,26,5,3,81,126,829,3,3,15,33,2.2,0,0,0,0,,0,1,1,0,,,40.0,40.5,47.5,43.5,,41,,2025
193,Tyrod Taylor,NYJ,QB,36,4,2,60,97,601,4,4,19,99,5.21,0,0,0,0,,0,1,1,0,,,40.0,39.9,47.9,43.9,,42,,2025
194,Christian Watson,GNB,WR,26,5,5,0,0,0,0,0,0,0,,0,24,17,283,16.65,2,0,0,2,,,40.0,57.3,60.3,48.8,,69,,2025
195,Andrei Iosivas,CIN,WR,26,11,5,0,0,0,0,0,3,14,4.67,0,42,23,317,13.78,1,0,0,1,,,39.0,62.1,65.1,50.6,,71,,2025
196,Jeremy McNichols,WAS,RB,30,11,0,0,0,0,0,0,26,181,6.96,1,20,15,149,9.93,0,0,0,1,,,39.0,54.0,60.0,46.5,,56,,2025
197,Marvin Mims,DEN,WR,23,9,2,0,0,0,0,0,8,56,7.0,1,32,22,234,10.64,1,2,1,2,,,39.0,61.0,65.0,50.0,,73,,2025
198,Malik Nabers,NYG,WR,22,4,4,0,0,0,0,0,0,0,,0,35,18,271,15.06,2,0,0,2,,,39.0,57.1,60.1,48.1,,72,,2025
199,Luther Burden,CHI,WR,22,10,1,0,0,0,0,0,3,21,7.0,0,28,22,295,13.41,1,0,0,1,,,38.0,59.6,62.6,48.6,,74,,2025
200,Chigoziem Okonkwo,TEN,TE,26,11,8,0,0,0,0,0,0,0,,0,46,35,377,10.77,0,0,0,0,,,38.0,72.7,75.7,55.2,,28,,2025
201,Mason Taylor,NYJ,TE,21,11,10,0,0,0,0,0,0,0,,0,53,37,297,8.03,1,0,0,1,1.0,,38.0,74.7,77.7,56.2,,29,,2025
202,Ollie Gordon,MIA,RB,21,11,1,0,0,0,0,0,50,164,3.28,2,8,6,30,5.0,1,0,0,3,,,37.0,43.4,46.4,40.4,,57,,2025
203,Ty Johnson,BUF,RB,28,11,0,0,0,0,0,0,21,90,4.29,1,16,11,161,14.64,1,1,0,2,,,37.0,48.1,51.1,42.6,,58,,2025
204,Tyjae Spears,TEN,RB,24,7,0,0,0,0,0,0,37,159,4.3,1,24,22,148,6.73,0,0,0,1,,,37.0,58.7,64.7,47.7,,59,,2025
205,Travis Hunter,JAX,WR,22,7,4,0,0,0,0,0,1,0,0.0,0,45,28,298,10.64,1,1,0,1,,,36.0,63.8,66.8,49.8,,76,,2025
206,Darnell Mooney,ATL,WR,28,9,9,0,0,0,0,0,0,0,,0,45,19,298,15.68,1,1,0,1,,,36.0,54.8,57.8,45.3,,77,,2025
207,JuJu Smith-Schuster,KAN,WR,29,11,7,0,0,0,0,0,0,0,,0,32,26,299,11.5,1,0,0,1,,,36.0,61.9,64.9,48.9,,75,,2025
208,Darren Waller,MIA,TE,33,4,1,0,0,0,0,0,0,0,,0,12,10,117,11.7,4,0,0,4,,,36.0,45.7,48.7,40.7,,30,,2025
209,Emari Demercado,ARI,RB,26,9,0,0,0,0,0,0,31,241,7.77,0,12,8,64,8.0,1,1,1,1,,,35.0,42.5,46.5,38.5,,60,,2025
210,Ryan Flournoy,DAL,WR,26,11,2,0,0,0,0,0,4,25,6.25,0,26,17,200,11.76,2,0,0,2,,,35.0,51.5,54.5,43.0,,80,,2025
211,DeAndre Hopkins,BAL,WR,33,11,3,0,0,0,0,0,0,0,,0,26,15,232,15.47,2,0,0,2,,,35.0,50.2,53.2,42.7,,78,,2025
212,Darius Slayton,NYG,WR,28,9,8,0,0,0,0,0,0,0,,0,36,24,366,15.25,0,1,1,0,,,35.0,58.6,62.6,46.6,,79,,2025
213,Olamide Zaccheaus,CHI,WR,28,11,3,0,0,0,0,0,4,25,6.25,0,51,33,254,7.7,1,0,0,1,,,34.0,66.9,69.9,50.4,,81,,2025
214,Rashod Bateman,BAL,WR,26,9,8,0,0,0,0,0,0,0,,0,31,16,194,12.13,2,0,0,2,1.0,,33.0,49.4,52.4,41.4,,82,,2025
215,Evan Engram,DEN,TE,31,10,1,0,0,0,0,0,1,7,7.0,0,50,32,260,8.13,1,0,0,1,,,33.0,64.7,67.7,48.7,,31,,2025
216,Matthew Golden,GNB,WR,22,9,4,0,0,0,0,0,8,45,5.63,0,32,24,286,11.92,0,0,0,0,,,33.0,57.1,60.1,45.1,,83,,2025
217,Gunnar Helm,TEN,TE,23,11,6,0,0,0,0,0,0,0,,0,37,30,267,8.9,1,0,0,1,,,33.0,62.7,65.7,47.7,,32,,2025
218,Tyreek Hill,MIA,WR,31,4,4,0,0,0,0,0,0,0,,0,29,21,265,12.62,1,0,0,1,,,33.0,53.5,56.5,43.0,,85,,2025
219,Ricky Pearsall,SFO,WR,25,6,6,0,0,0,0,0,2,-2,-1.0,0,35,23,333,14.48,0,0,0,0,,,33.0,56.1,59.1,44.6,,84,,2025
220,Michael Carter,ARI,RB,26,7,2,0,0,0,0,0,45,135,3.0,1,22,17,129,7.59,0,0,0,1,,,32.0,49.4,55.4,40.9,,61,,2025
221,Colby Parkinson,LAR,TE,26,9,4,0,0,0,0,0,0,0,,0,21,19,164,8.63,3,1,1,3,,,32.0,51.4,55.4,41.9,,33,,2025
222,Jonnu Smith,PIT,TE,30,11,4,0,0,0,0,0,3,17,5.67,0,41,29,184,6.34,2,1,0,2,,,32.0,61.1,64.1,46.6,,34,,2025
223,Davis Allen,LAR,TE,24,11,1,0,0,0,0,0,0,0,,0,20,16,133,8.31,3,0,0,3,,,31.0,47.3,50.3,39.3,,35,,2025
224,Dyami Brown,JAX,WR,26,10,6,0,0,0,0,0,5,26,5.2,0,36,19,219,11.53,1,0,0,1,,,31.0,49.5,52.5,40.0,,86,,2025
225,Tyler Higbee,LAR,TE,32,9,7,0,0,0,0,0,0,0,,0,30,20,190,9.5,2,0,0,2,,,31.0,51.0,54.0,41.0,,37,,2025
226,Darnell Washington,PIT,TE,24,11,8,0,0,0,0,0,0,0,,0,28,20,231,11.55,1,1,0,1,1.0,,31.0,51.1,54.1,41.1,,36,,2025
227,Calvin Ridley,TEN,WR,31,7,6,0,0,0,0,0,0,0,,0,36,17,303,17.82,0,0,0,0,,,30.0,47.3,50.3,38.8,,87,,2025
228,Brenton Strange,JAX,TE,25,6,6,0,0,0,0,0,0,0,,0,29,25,297,11.88,0,0,0,0,,,30.0,54.7,57.7,42.2,,38,,2025
229,KaVontae Turpin,DAL,WR,29,9,2,0,0,0,0,0,9,30,3.33,0,26,17,232,13.65,1,1,1,1,,,30.0,47.2,51.2,38.7,,88,,2025
230,Pat Bryant,DEN,WR,23,11,5,0,0,0,0,0,0,0,,0,25,15,231,15.4,1,0,0,1,,,29.0,44.1,47.1,36.6,,90,,2025
231,Cedric Tillman,CLE,WR,25,7,6,0,0,0,0,0,0,0,,0,31,17,174,10.24,2,0,0,2,,,29.0,46.4,49.4,37.9,,89,,2025
232,Isaiah Davis,NYJ,RB,23,11,0,0,0,0,0,0,26,137,5.27,0,21,15,118,7.87,0,0,0,0,1.0,,28.0,42.5,48.5,35.0,,63,,2025
233,Kendre Miller,NOR,RB,23,7,0,0,0,0,0,0,47,193,4.11,1,5,5,30,6.0,0,0,0,1,,,28.0,33.3,36.3,30.8,,62,,2025
234,Jaylin Noel,HOU,WR,23,11,3,0,0,0,0,0,4,9,2.25,0,27,20,213,10.65,1,0,0,1,,,28.0,48.2,51.2,38.2,,91,,2025
235,Austin Hooper,NWE,TE,31,11,6,0,0,0,0,0,0,0,,0,19,16,213,13.31,1,0,0,1,,,27.0,43.3,46.3,35.3,,39,,2025
236,Jaylin Lane,WAS,WR,23,11,3,0,0,0,0,0,1,7,7.0,0,30,16,225,14.06,0,3,1,1,,,27.0,43.2,47.2,35.2,,92,,2025
237,Tyler Lockett,2TM,WR,33,11,1,0,0,0,0,0,0,0,,0,36,22,209,9.5,0,0,0,1,,,27.0,48.9,51.9,37.9,,94,,2025
238,Josh Palmer,BUF,WR,26,8,5,0,0,0,0,0,0,0,,0,29,18,272,15.11,0,0,0,0,,,27.0,45.2,48.2,36.2,,93,,2025
239,Samaje Perine,CIN,RB,30,9,0,0,0,0,0,0,32,198,6.19,1,9,7,30,4.29,0,1,1,1,,,27.0,33.8,37.8,30.3,,64,,2025
240,Roman Wilson,PIT,WR,24,11,3,0,0,0,0,0,0,0,,0,19,12,166,13.83,2,1,1,2,,,27.0,38.6,42.6,32.6,,95,,2025
241,Daniel Bellinger,NYG,TE,25,11,7,0,0,0,0,0,0,0,,0,17,12,202,16.83,1,0,0,1,,,26.0,38.2,41.2,32.2,,40,,2025
242,Jackson Hawes,BUF,TE,25,11,5,0,0,0,0,0,0,0,,0,13,10,139,13.9,2,0,0,2,,,26.0,35.9,38.9,30.9,,41,,2025
243,Van Jefferson,TEN,WR,29,11,3,0,0,0,0,0,0,0,,0,34,18,200,11.11,1,0,0,1,,,26.0,44.0,47.0,35.0,,98,,2025
244,Christian Kirk,HOU,WR,29,7,2,0,0,0,0,0,0,0,,0,37,21,198,9.43,1,0,0,1,,,26.0,46.8,49.8,36.3,,99,,2025
245,Cole Kmet,CHI,TE,26,10,9,0,1,0,0,0,0,0,,0,29,17,195,11.47,1,0,0,1,,,26.0,42.5,45.5,34.0,,42,,2025
246,Dawson Knox,BUF,TE,29,11,8,0,0,0,0,0,0,0,,0,25,16,195,12.19,1,0,0,1,,,26.0,41.5,44.5,33.5,,43,,2025
247,Terry McLaurin,WAS,WR,30,4,4,0,0,0,0,0,0,0,,0,21,13,203,15.62,1,0,0,1,,,26.0,39.3,42.3,32.8,,96,,2025
248,Chris Moore,WAS,WR,32,10,5,0,0,0,0,0,1,9,9.0,0,22,10,192,19.2,1,0,0,1,,,26.0,36.1,39.1,31.1,,97,,2025
249,James Conner,ARI,RB,30,3,3,0,0,0,0,0,32,95,2.97,1,9,8,38,4.75,1,1,0,2,,,25.0,33.3,33.3,29.3,,65,,2025
250,Kirk Cousins,ATL,QB,37,4,2,48,75,449,2,1,5,9,1.8,0,0,0,0,,0,1,0,0,,,25.0,24.9,28.9,25.9,,43,,2025
251,Jahan Dotson,PHI,WR,25,11,5,0,0,0,0,0,0,0,,0,18,10,194,19.4,1,0,0,1,,,25.0,35.4,38.4,30.4,,100,,2025
252,Tyler Johnson,NYJ,WR,27,9,5,0,0,0,0,0,0,0,,0,16,10,187,18.7,1,0,0,1,,,25.0,34.7,37.7,29.7,,102,,2025
253,Brashard Smith,KAN,RB,22,11,0,0,0,0,0,0,29,87,3.0,0,26,19,161,8.47,0,1,0,0,,,25.0,43.8,46.8,34.3,,66,,2025
254,Jalen Tolbert,DAL,WR,26,10,6,0,0,0,0,0,0,0,,0,25,14,172,12.29,1,0,0,1,1.0,,25.0,39.2,42.2,32.2,,101,,2025
255,Mitchell Evans,CAR,TE,22,12,5,0,0,0,0,0,0,0,,0,15,11,118,10.73,2,0,0,2,,,24.0,34.8,37.8,29.3,,46,,2025
256,Michael Mayer,LVR,TE,24,9,9,0,0,0,0,0,0,0,,0,32,22,182,8.27,1,0,0,1,,,24.0,46.2,49.2,35.2,,45,,2025
257,John Metchie,2TM,WR,25,10,1,0,0,0,0,0,1,-7,-7.0,0,15,14,131,9.36,2,0,0,2,,,24.0,38.4,41.4,31.4,,103,,2025
258,Tommy Tremble,CAR,TE,25,12,11,0,0,0,0,0,0,0,,0,25,19,184,9.68,1,0,0,1,,,24.0,43.4,46.4,33.9,,44,,2025
259,Tyler Huntley,BAL,QB,27,2,1,27,37,254,1,0,11,92,8.36,0,0,0,0,,0,0,0,0,,,23.0,23.4,23.4,23.4,,44,,2025
260,Kalif Raymond,DET,WR,31,11,3,0,0,0,0,0,2,19,9.5,0,19,15,150,10.0,0,0,0,1,,,23.0,37.9,40.9,30.4,,105,,2025
261,Tyrell Shavers,BUF,WR,26,11,4,0,0,0,0,0,0,0,,0,17,11,172,15.64,1,0,0,1,,,23.0,34.2,37.2,28.7,,104,,2025
262,Brock Wright,DET,TE,27,11,8,0,0,0,0,0,0,0,,0,22,14,108,7.71,2,0,0,2,,,23.0,36.8,39.8,29.8,,47,,2025
263,Elijah Arroyo,SEA,TE,22,11,3,0,0,0,0,0,0,0,,0,23,15,179,11.93,1,1,1,1,,,22.0,36.9,40.9,29.4,,48,,2025
264,Tutu Atwell,LAR,WR,26,6,4,0,0,0,0,0,0,0,,0,9,4,164,41.0,1,0,0,1,,,22.0,26.4,29.4,24.4,,106,,2025
265,Trey Benson,ARI,RB,23,4,1,0,0,0,0,0,29,160,5.52,0,16,13,64,4.92,0,0,0,0,,,22.0,35.4,38.4,28.9,,67,,2025
266,Kyle Juszczyk,SFO,FB,34,12,12,0,0,0,0,0,2,-3,-1.5,0,21,18,160,8.89,1,0,0,1,,,22.0,39.7,42.7,30.7,,68,,2025
267,Antonio Gibson,NWE,RB,27,5,0,0,0,0,0,0,25,106,4.24,1,3,2,6,3.0,0,2,1,2,,,21.0,23.2,27.2,22.2,,69,,2025
268,Charlie Kolar,BAL,TE,26,11,4,0,0,0,0,0,0,0,,0,11,7,88,12.57,2,0,0,2,,,21.0,27.8,27.8,24.3,,49,,2025
269,Hunter Long,JAX,TE,27,8,3,0,0,0,0,0,0,0,,0,17,12,85,7.08,2,1,0,2,,,21.0,32.5,32.5,26.5,,50,,2025
270,Hunter Renfrow,CAR,WR,30,6,2,0,0,0,0,0,0,0,,0,26,15,89,5.93,2,0,0,2,,,21.0,35.9,35.9,28.4,,109,,2025
271,Devontez Walker,BAL,WR,24,7,1,0,0,0,0,0,0,0,,0,4,4,90,22.5,2,0,0,2,,,21.0,25.0,25.0,23.0,,108,,2025
272,Dontayvion Wicks,GNB,WR,24,9,6,0,0,0,0,0,0,0,,0,34,20,213,10.65,0,0,0,0,,,21.0,41.3,44.3,31.3,,107,,2025
273,Isaiah Bond,CLE,WR,21,10,2,0,0,0,0,0,2,17,8.5,0,33,13,181,13.92,0,0,0,0,,,20.0,32.8,35.8,26.3,,112,,2025
274,Mike Evans,TAM,WR,32,4,4,0,0,0,0,0,0,0,,0,32,14,140,10.0,1,0,0,1,,,20.0,34.0,37.0,27.0,,111,,2025
275,Terrance Ferguson,LAR,TE,22,9,1,0,0,0,0,0,1,0,0.0,0,12,5,138,27.6,1,0,0,1,,,20.0,24.8,27.8,22.3,,51,,2025
276,Tre Harris,LAC,WR,23,11,5,0,0,0,0,0,0,0,,0,20,16,137,8.56,1,0,0,1,,,20.0,35.7,38.7,27.7,,114,,2025
277,Elijah Moore,BUF,WR,25,9,2,0,0,0,0,0,6,24,4.0,1,17,9,112,12.44,0,0,0,1,,,20.0,28.6,31.6,24.1,,115,,2025
278,Tim Patrick,JAX,WR,32,10,2,0,0,0,0,0,0,0,,0,14,7,83,11.86,2,0,0,2,,,20.0,27.3,27.3,23.8,,110,,2025
279,Mitchell Tinsley,CIN,WR,26,11,1,0,0,0,0,0,0,0,,0,12,5,78,15.6,2,0,0,2,,,20.0,24.8,24.8,22.3,,113,,2025
280,Luke Farrell,SFO,TE,28,12,4,0,0,0,0,0,0,0,,0,13,11,85,7.73,2,1,1,2,,,19.0,29.5,30.5,24.0,,52,,2025
281,Miles Sanders,DAL,RB,28,4,0,0,0,0,0,0,20,117,5.85,1,8,8,30,3.75,0,1,1,1,,,19.0,26.7,30.7,22.7,,70,,2025
282,Isaac TeSlaa,DET,WR,23,11,1,0,0,0,0,0,0,0,,0,9,4,65,16.25,2,0,0,2,,,19.0,22.5,22.5,20.5,,116,,2025
283,Tank Bigsby,2TM,RB,24,11,0,0,0,0,0,0,23,176,7.65,0,1,1,-1,-1.0,0,0,0,0,,,18.0,18.5,21.5,18.0,,74,,2025
284,Ray Davis,BUF,RB,26,11,0,0,0,0,0,0,24,44,1.83,0,7,4,18,4.5,1,0,0,2,,,18.0,22.2,22.2,20.2,,71,,2025
285,Zay Jones,ARI,WR,30,8,0,0,0,0,0,0,0,0,,0,18,12,183,15.25,0,0,0,0,,,18.0,30.3,33.3,24.3,,118,,2025
286,Adonai Mitchell,2TM,WR,23,10,1,0,0,0,0,0,0,0,,0,29,12,204,17.0,0,1,1,0,,,18.0,30.4,34.4,24.4,,117,,2025
287,Keaton Mitchell,BAL,RB,23,7,0,0,0,0,0,0,23,134,5.83,0,6,5,44,8.8,0,1,0,0,,,18.0,22.8,25.8,20.3,,73,,2025
288,Josh Oliver,MIN,TE,28,9,3,0,0,0,0,0,0,0,,0,9,7,62,8.86,2,0,0,2,,,18.0,25.2,25.2,21.7,,53,,2025
289,Demarcus Robinson,SFO,WR,31,9,1,0,0,0,0,0,0,0,,0,24,13,163,12.54,0,0,0,0,1.0,,18.0,31.3,34.3,24.8,,119,,2025
290,Jeremy Ruckert,NYJ,TE,25,11,9,0,0,0,0,0,0,0,,0,16,14,119,8.5,1,0,0,1,,,18.0,31.9,34.9,24.9,,54,,2025
291,Ja'Tavion Sanders,CAR,TE,22,9,3,0,0,0,0,0,0,0,,0,30,25,176,7.04,0,0,0,0,,,18.0,42.6,45.6,30.1,,55,,2025
292,Zavier Scott,MIN,RB,26,10,0,0,0,0,0,0,21,69,3.29,0,12,10,73,7.3,1,2,1,1,,,18.0,28.2,29.2,23.2,,72,,2025
293,Jalen Coker,CAR,WR,24,6,2,0,0,0,0,0,0,0,,0,19,14,150,10.71,0,0,0,0,1.0,,17.0,31.0,34.0,24.0,,120,,2025
294,Brandin Cooks,NOR,WR,32,10,3,0,0,0,0,0,0,0,,0,25,19,165,8.68,0,0,0,0,,,17.0,35.5,38.5,26.0,,122,,2025
295,Mason Rudolph,PIT,QB,30,4,1,38,49,310,2,1,7,6,0.86,0,0,0,0,,0,1,1,0,,,17.0,17.0,22.0,18.0,,45,,2025
296,Kyle Williams,NWE,WR,23,12,0,0,0,0,0,0,1,-2,-2.0,0,12,4,110,27.5,1,0,0,1,,,17.0,20.8,23.8,18.8,,121,,2025
297,Joe Burrow,CIN,QB,29,2,2,21,36,189,2,0,2,3,1.5,0,0,0,0,,0,0,0,0,,,16.0,15.9,15.9,15.9,,46,,2025
298,Isaiah Hodgins,NYG,WR,27,2,1,0,0,0,0,0,0,0,,0,12,7,99,14.14,1,0,0,1,,,16.0,22.9,22.9,19.4,,123,,2025
299,Raheem Mostert,LVR,RB,33,8,0,0,0,0,0,0,20,92,4.6,0,9,9,63,7.0,0,0,0,0,,,16.0,24.5,24.5,20.0,,75,,2025
300,Jordan Whittington,LAR,WR,25,11,6,0,0,0,0,0,3,12,4.0,0,21,16,147,9.19,0,0,0,0,,,16.0,31.9,34.9,23.9,,124,,2025
301,Ashton Dulin,IND,WR,28,10,2,0,0,0,0,0,3,44,14.67,0,8,5,106,21.2,0,0,0,0,,,15.0,20.0,23.0,17.5,,126,,2025
302,Jerome Ford,CLE,RB,26,11,0,0,0,0,0,0,24,73,3.04,0,26,21,76,3.62,0,0,0,0,,,15.0,35.9,35.9,25.4,,76,,2025
303,Taysom Hill,NOR,TE,35,7,1,1,5,19,0,0,32,69,2.16,1,4,3,18,6.0,0,1,0,1,,,15.0,18.5,18.5,17.0,,56,,2025
304,Tanner Hudson,CIN,TE,31,9,1,0,0,0,0,0,0,0,,0,13,11,92,8.36,1,0,0,1,,,15.0,26.2,26.2,20.7,,58,,2025
305,Adam Trautman,DEN,TE,28,11,8,0,0,0,0,0,0,0,,0,12,11,93,8.45,1,0,0,1,,,15.0,26.3,26.3,20.8,,57,,2025
306,Devaughn Vele,NOR,WR,28,10,5,0,0,0,0,0,0,0,,0,20,9,91,10.11,1,0,0,1,,,15.0,24.1,24.1,19.6,,125,,2025
307,Savion Williams,GNB,WR,24,11,0,0,0,0,0,0,9,28,3.11,0,10,10,78,7.8,1,1,1,1,,,15.0,24.6,25.6,19.6,,127,,2025
308,Elijah Higgins,ARI,TE,25,11,5,0,0,0,0,0,0,0,,0,20,16,162,10.13,0,1,1,0,,,14.0,30.2,34.2,22.2,,59,,2025
309,Terrell Jennings,NWE,RB,24,6,0,0,0,0,0,0,23,73,3.17,1,1,1,9,9.0,0,0,0,1,,,14.0,15.2,15.2,14.7,,77,,2025
310,Kameron Johnson,TAM,WR,23,11,0,0,0,0,0,0,2,13,6.5,0,6,4,64,16.0,1,0,0,1,,,14.0,17.7,17.7,15.7,,130,,2025
311,Hunter Luepke,DAL,RB,25,11,2,0,0,0,0,0,3,13,4.33,0,9,8,63,7.88,1,0,0,1,,,14.0,21.6,21.6,17.6,,78,,2025
312,Gunner Olszewski,NYG,WR,29,12,0,1,1,33,1,0,0,0,,0,3,1,24,24.0,1,0,0,1,,,14.0,14.7,14.7,14.2,,129,,2025
313,Curtis Samuel,BUF,WR,29,6,0,0,0,0,0,0,0,0,,0,9,7,81,11.57,1,0,0,1,,,14.0,21.1,21.1,17.6,,128,,2025
314,Ameer Abdullah,IND,RB,32,7,0,0,0,0,0,0,8,40,5.0,1,6,5,30,6.0,0,0,0,1,,,13.0,18.0,18.0,15.5,,80,,2025
315,Braelon Allen,NYJ,RB,21,4,0,0,0,0,0,0,18,76,4.22,1,3,2,17,8.5,0,1,1,1,,,13.0,15.3,16.3,14.3,,79,,2025
316,Noah Gray,KAN,TE,26,11,5,0,0,0,0,0,0,0,,0,28,16,132,8.25,0,0,0,0,,,13.0,29.2,32.2,21.2,,60,,2025
317,George Holani,SEA,RB,26,11,0,0,0,0,0,0,22,73,3.32,1,2,2,15,7.5,0,1,1,1,,,13.0,14.8,15.8,13.8,,81,,2025
318,Isaiah Likely,BAL,TE,25,8,5,0,0,0,0,0,0,0,,0,19,13,128,9.85,0,1,0,0,,,13.0,25.8,28.8,19.3,,61,,2025
319,Devin Neal,NOR,RB,22,7,0,0,0,0,0,0,17,61,3.59,0,14,12,64,5.33,0,0,0,0,,,13.0,24.5,24.5,18.5,,82,,2025
320,Brycen Tremayne,CAR,WR,26,11,1,0,0,0,0,0,0,0,,0,15,12,133,11.08,0,1,0,0,,,13.0,25.3,28.3,19.3,,131,,2025
321,Jimmy Horn,CAR,WR,23,8,0,0,0,0,0,0,7,44,6.29,0,11,7,77,11.0,0,0,0,0,,,12.0,19.1,19.1,15.6,,132,,2025
322,Luke Musgrave,GNB,TE,25,11,6,0,0,0,0,0,0,0,,0,17,14,117,8.36,0,1,0,0,,,12.0,25.7,28.7,18.7,,62,,2025
323,Josh Reynolds,NYJ,WR,30,5,3,0,0,0,0,0,0,0,,0,21,11,101,9.18,0,0,0,0,1.0,,12.0,23.1,26.1,17.6,,133,,2025
324,Shedeur Sanders,CLE,QB,23,2,1,15,36,256,1,2,4,15,3.75,0,0,0,0,,0,1,0,0,,,12.0,11.7,13.7,13.7,,47,,2025
325,Ben Skowronek,PIT,WR,28,11,3,0,0,0,0,0,0,0,,0,4,3,56,18.67,1,0,0,1,,,12.0,14.6,14.6,13.1,,135,,2025
326,Cody White,SEA,WR,27,5,0,0,0,0,0,0,0,0,,0,2,1,60,60.0,1,0,0,1,,,12.0,13.0,13.0,12.5,,134,,2025
327,Nate Adkins,DEN,TE,26,6,3,0,0,0,0,0,0,0,,0,10,6,48,8.0,1,0,0,1,,,11.0,16.8,16.8,13.8,,64,,2025
328,LeQuint Allen,JAX,RB,21,11,0,0,0,0,0,0,14,70,5.0,0,8,7,41,5.86,0,0,0,0,,,11.0,18.1,18.1,14.6,,83,,2025
329,Julian Hill,MIA,TE,25,8,8,0,0,0,0,0,0,0,,0,14,11,91,8.27,0,0,0,0,1.0,,11.0,22.1,22.1,16.6,,63,,2025
330,Allen Lazard,NYJ,WR,30,7,2,0,0,0,0,0,0,0,,0,14,8,54,6.75,1,0,0,1,,,11.0,19.4,19.4,15.4,,136,,2025
331,Jayden Reed,GNB,WR,25,2,1,0,0,0,0,0,0,0,,0,5,3,45,15.0,1,0,0,1,,,11.0,13.5,13.5,12.0,,141,,2025
332,David Sills V,ATL,WR,29,11,1,0,0,0,0,0,0,0,,0,12,6,50,8.33,1,0,0,1,,,11.0,17.0,17.0,14.0,,138,,2025
333,Dont'e Thornton,LVR,WR,23,10,6,0,0,0,0,0,0,0,,0,23,7,112,16.0,0,0,0,0,,,11.0,18.2,21.2,14.7,,137,,2025
334,Jamari Thrash,CLE,WR,25,9,1,0,0,0,0,0,0,0,,0,15,10,107,10.7,0,0,0,0,,,11.0,20.7,23.7,15.7,,139,,2025
335,Tylan Wallace,BAL,WR,26,11,2,0,0,0,0,0,0,0,,0,8,4,45,11.25,1,0,0,1,,,11.0,14.5,14.5,12.5,,142,,2025
336,Isaiah Williams,NYJ,WR,24,9,0,0,1,0,0,0,2,29,14.5,0,9,5,37,7.4,0,1,1,1,,,11.0,15.6,16.6,13.1,,140,,2025
337,Tyler Badie,DEN,RB,25,10,0,0,0,0,0,0,2,9,4.5,0,19,11,87,7.91,0,0,0,0,,,10.0,20.6,20.6,15.1,,85,,2025
338,Brittain Brown,CHI,RB,28,2,0,0,0,0,0,0,5,37,7.4,1,1,0,0,,0,0,0,1,,,10.0,9.7,9.7,9.7,,84,,2025
339,Tyler Conklin,LAC,TE,30,11,5,0,0,0,0,0,1,2,2.0,0,9,6,95,15.83,0,1,0,0,,,10.0,15.7,15.7,12.7,,66,,2025
340,Malachi Corley,CLE,WR,23,7,2,0,0,0,0,0,5,68,13.6,0,6,5,34,6.8,0,0,0,0,,,10.0,15.2,15.2,12.7,,143,,2025
341,Andy Dalton,CAR,QB,38,4,1,25,37,293,1,1,5,-2,-0.4,0,0,0,0,,0,2,2,0,,,10.0,9.5,12.5,10.5,,48,,2025
342,John FitzPatrick,GNB,TE,25,11,2,0,0,0,0,0,0,0,,0,7,7,40,5.71,1,0,0,1,,,10.0,17.0,17.0,13.5,,65,,2025
343,Mike Gesicki,CIN,TE,30,7,1,0,0,0,0,0,0,0,,0,22,12,96,8.0,0,0,0,0,,,10.0,21.6,21.6,15.6,,67,,2025
344,Konata Mumpfield,LAR,WR,23,11,0,0,0,0,0,0,0,0,,0,7,4,37,9.25,1,0,0,1,,,10.0,13.7,13.7,11.7,,144,,2025
345,Johnny Mundt,JAX,TE,31,11,6,0,0,0,0,0,0,0,,0,17,8,95,11.88,0,0,0,0,,,10.0,17.5,17.5,13.5,,68,,2025
346,Jack Stoll,NOR,TE,27,10,2,0,0,0,0,0,0,0,,0,7,4,35,8.75,1,0,0,1,,,10.0,13.5,13.5,11.5,,69,,2025
347,Jack Bech,LVR,WR,23,11,2,0,0,0,0,0,0,0,,0,12,8,92,11.5,0,0,0,0,,,9.0,17.2,17.2,13.2,,147,,2025
348,Andrew Beck,NYJ,FB,29,11,0,0,0,0,0,0,0,0,,0,5,4,26,6.5,1,0,0,1,,,9.0,12.6,12.6,10.6,,87,,2025
349,Chris Brooks,GNB,RB,25,11,0,0,0,0,0,0,11,31,2.82,0,10,8,59,7.38,0,0,0,0,,,9.0,17.0,17.0,13.0,,86,,2025
350,Tanner Conner,MIA,TE,27,9,0,0,0,0,0,0,0,0,,0,15,9,91,10.11,0,0,0,0,,,9.0,18.1,18.1,13.6,,71,,2025
351,Greg Dulcich,MIA,TE,25,4,1,0,0,0,0,0,0,0,,0,13,8,89,11.13,0,0,0,0,,,9.0,16.9,16.9,12.9,,72,,2025
352,Najee Harris,LAC,RB,27,3,0,0,0,0,0,0,15,61,4.07,0,3,3,25,8.33,0,0,0,0,,,9.0,11.6,11.6,10.1,,88,,2025
353,Malik Heath,GNB,WR,25,10,0,0,0,0,0,0,0,0,,0,6,6,86,14.33,0,0,0,0,,,9.0,14.6,14.6,11.6,,150,,2025
354,Connor Heyward,PIT,TE,26,11,1,0,0,0,0,0,5,9,1.8,0,3,2,18,9.0,1,0,0,1,,,9.0,10.7,10.7,9.7,,74,,2025
355,Ryan Miller,TAM,WR,25,11,3,0,0,0,0,0,0,0,,0,4,2,34,17.0,1,0,0,1,,,9.0,11.4,11.4,10.4,,145,,2025
356,Ben Sinnott,WAS,TE,23,10,3,0,0,0,0,0,0,0,,0,3,3,33,11.0,1,0,0,1,,,9.0,12.3,12.3,10.8,,70,,2025
357,Xavier Smith,LAR,WR,28,10,1,0,0,0,0,0,0,0,,0,10,7,85,12.14,0,0,0,0,,,9.0,15.5,15.5,12.0,,151,,2025
358,Adam Thielen,MIN,WR,35,11,4,0,0,0,0,0,0,0,,0,18,8,69,8.63,0,0,0,0,1.0,,9.0,16.9,16.9,12.9,,148,,2025
359,Ian Thomas,LVR,TE,29,11,6,0,0,0,0,0,0,0,,0,10,10,89,8.9,0,0,0,0,,,9.0,18.9,18.9,13.9,,73,,2025
360,Casey Washington,ATL,WR,24,7,2,0,0,0,0,0,0,0,,0,14,6,94,15.67,0,0,0,0,,,9.0,15.4,15.4,12.4,,146,,2025
361,Nick Westbrook-Ikhine,MIA,WR,28,11,3,0,0,0,0,0,0,0,,0,19,11,89,8.09,0,0,0,0,,,9.0,19.9,19.9,14.4,,149,,2025
362,Austin Ekeler,WAS,RB,30,2,2,0,0,0,0,0,14,43,3.07,0,7,5,38,7.6,0,0,0,0,,,8.0,13.1,13.1,10.6,,90,,2025
363,Trevor Etienne,CAR,RB,21,12,0,0,0,0,0,0,20,94,4.7,0,2,2,9,4.5,0,2,1,0,,,8.0,10.3,11.3,9.3,,89,,2025
364,Jaret Patterson,LAC,RB,26,3,0,0,0,0,0,0,21,75,3.57,0,0,0,0,,0,0,0,0,,,8.0,7.5,7.5,7.5,,91,,2025
365,Drew Sample,CIN,TE,29,11,9,0,0,0,0,0,0,0,,0,10,6,24,4.0,1,0,0,1,,,8.0,14.4,14.4,11.4,,75,,2025
366,Brevyn Spann-Ford,DAL,TE,26,11,4,0,0,0,0,0,0,0,,0,6,5,22,4.4,1,0,0,1,,,8.0,13.2,13.2,10.7,,76,,2025
367,Cam Akers,MIN,RB,26,3,0,1,1,32,1,0,5,19,3.8,0,1,0,0,,0,0,0,0,,,7.0,7.2,7.2,7.2,,94,,2025
368,Jaydon Blue,DAL,RB,21,4,0,0,0,0,0,0,22,65,2.95,0,1,1,5,5.0,0,1,0,0,,,7.0,8.0,8.0,7.5,,95,,2025
369,Treylon Burks,WAS,WR,25,2,0,0,0,0,0,0,0,0,,0,4,4,72,18.0,0,0,0,0,,,7.0,11.2,11.2,9.2,,152,,2025
370,DJ Giddens,IND,RB,22,7,0,0,0,0,0,0,18,66,3.67,0,2,0,0,,0,0,0,0,,,7.0,6.6,6.6,6.6,,97,,2025
371,Kaleb Johnson,PIT,RB,22,7,0,0,0,0,0,0,22,58,2.64,0,2,1,9,9.0,0,1,0,0,,,7.0,7.7,7.7,7.2,,96,,2025
372,Ray-Ray McCloud,2TM,WR,29,6,2,0,0,0,0,0,0,0,,0,15,7,69,9.86,0,0,0,0,,,7.0,13.9,13.9,10.4,,153,,2025
373,Jaleel McLaughlin,DEN,RB,25,2,0,0,0,0,0,0,7,19,2.71,1,2,1,-5,-5.0,0,0,0,1,,,7.0,8.4,8.4,7.9,,92,,2025
374,Skyy Moore,SFO,WR,25,12,0,0,0,0,0,0,1,1,1.0,0,6,4,64,16.0,0,1,0,0,,,7.0,10.5,10.5,8.5,,154,,2025
375,Andrew Ogletree,IND,TE,27,11,3,0,0,0,0,0,0,0,,0,3,2,8,4.0,1,0,0,1,,,7.0,8.8,8.8,7.8,,77,,2025
376,Will Shipley,PHI,RB,23,9,0,0,0,0,0,0,11,45,4.09,0,6,4,28,7.0,0,0,0,0,,,7.0,11.3,11.3,9.3,,93,,2025
377,Mo Alie-Cox,IND,TE,32,11,5,0,0,0,0,0,0,0,,0,9,5,59,11.8,0,0,0,0,,,6.0,10.9,10.9,8.4,,82,,2025
378,John Bates,WAS,TE,28,9,7,0,0,0,0,0,0,0,,0,10,6,62,10.33,0,0,0,0,,,6.0,12.2,12.2,9.2,,80,,2025
379,Gabriel Davis,BUF,WR,26,2,2,0,0,0,0,0,0,0,,0,6,4,62,15.5,0,0,0,0,,,6.0,10.2,10.2,8.2,,155,,2025
380,AJ Dillon,PHI,RB,27,6,0,0,0,0,0,0,12,60,5.0,0,2,2,18,9.0,0,1,1,0,,,6.0,7.8,8.8,6.8,,100,,2025
381,Chris Godwin,TAM,WR,29,3,2,0,0,0,0,0,0,0,,0,18,8,61,7.63,0,0,0,0,,,6.0,14.1,14.1,10.1,,156,,2025
382,Lil'Jordan Humphrey,2TM,WR,27,4,2,0,0,0,0,0,0,0,,0,10,4,55,13.75,0,0,0,0,,,6.0,9.5,9.5,7.5,,159,,2025
383,Charlie Jones,CIN,WR,27,11,0,0,0,0,0,0,0,0,,0,1,0,0,,0,0,0,1,,,6.0,6.0,6.0,6.0,,157,,2025
384,David Martin-Robinson,TEN,TE,26,11,3,0,0,0,0,0,0,0,,0,1,1,1,1.0,1,0,0,1,,,6.0,7.1,7.1,6.6,,81,,2025
385,Joe Milton,DAL,QB,25,2,0,6,9,99,1,1,0,0,,0,0,0,0,,0,0,0,0,,,6.0,6.0,7.0,7.0,,50,,2025
386,Kene Nwangwu,NYJ,RB,27,6,0,0,0,0,0,0,0,0,,0,0,0,0,,0,0,0,1,,,6.0,6.0,6.0,6.0,,99,,2025
387,Raheim Sanders,CLE,RB,23,1,0,0,0,0,0,0,3,3,1.0,1,0,0,0,,0,0,0,1,,,6.0,6.3,6.3,6.3,,98,,2025
388,Luke Schoonmaker,DAL,TE,27,11,4,0,0,0,0,0,0,0,,0,16,8,63,7.88,0,0,0,0,,,6.0,14.3,14.3,10.3,,78,,2025
389,Arian Smith,NYJ,WR,24,11,5,0,0,0,0,0,3,11,3.67,0,10,6,47,7.83,0,0,0,0,,,6.0,11.8,11.8,8.8,,158,,2025
390,Josh Whyle,GNB,TE,26,3,1,0,0,0,0,0,0,0,,0,2,2,3,1.5,1,0,0,1,,,6.0,8.3,8.3,7.3,,79,,2025
391,Malik Willis,GNB,QB,26,2,0,3,3,13,1,0,3,19,6.33,0,0,0,0,,0,0,0,0,,,6.0,6.4,6.4,6.4,,49,,2025
392,Robbie Chosen,WAS,WR,32,3,0,0,0,0,0,0,0,0,,0,9,5,53,10.6,0,0,0,0,,,5.0,10.3,10.3,7.8,,160,,2025
393,Grant Calcaterra,PHI,TE,27,9,4,0,0,0,0,0,0,0,,0,8,5,48,9.6,0,0,0,0,,,5.0,9.8,9.8,7.3,,83,,2025
394,Malik Davis,DAL,RB,27,5,0,0,0,0,0,0,10,50,5.0,0,0,0,0,,0,0,0,0,,,5.0,5.0,5.0,5.0,,101,,2025
395,Alec Ingold,MIA,FB,29,11,7,0,0,0,0,0,2,9,4.5,0,7,5,36,7.2,0,0,0,0,,,5.0,9.5,9.5,7.0,,104,,2025
396,Bo Melton,GNB,WR,26,10,0,0,0,0,0,0,2,20,10.0,0,5,2,28,14.0,0,0,0,0,,,5.0,6.8,6.8,5.8,,161,,2025
397,Adam Prentice,DEN,FB,28,11,1,0,0,0,0,0,4,17,4.25,0,5,3,31,10.33,0,0,0,0,,,5.0,7.8,7.8,6.3,,103,,2025
398,Austin Trammell,JAX,WR,27,4,0,0,0,0,0,0,0,0,,0,6,3,46,15.33,0,0,0,0,,,5.0,7.6,7.6,6.1,,163,,2025
399,Jaylen Wright,MIA,RB,22,4,0,0,0,0,0,0,15,49,3.27,0,1,1,0,0.0,0,0,0,0,,,5.0,5.9,5.9,5.4,,102,,2025
400,Dareke Young,SEA,WR,26,6,0,0,0,0,0,0,0,0,,0,2,2,48,24.0,0,0,0,0,,,5.0,6.8,6.8,5.8,,162,,2025
401,Braxton Berrios,HOU,WR,30,4,0,0,0,0,0,0,0,0,,0,8,6,37,6.17,0,0,0,0,,,4.0,9.7,9.7,6.7,,167,,2025
402,Noah Brown,WAS,WR,29,2,2,0,0,0,0,0,0,0,,0,7,3,36,12.0,0,0,0,0,,,4.0,6.6,6.6,5.1,,168,,2025
403,Nathan Carter,ATL,RB,23,4,0,0,0,0,0,0,9,60,6.67,0,0,0,0,,0,1,1,0,,,4.0,4.0,5.0,4.0,,107,,2025
404,Julius Chestnut,TEN,RB,25,11,0,0,0,0,0,0,10,39,3.9,0,2,0,0,,0,0,0,0,,,4.0,3.9,3.9,3.9,,108,,2025
405,Will Dissly,LAC,TE,29,4,1,0,0,0,0,0,0,0,,0,5,4,43,10.75,0,0,0,0,,,4.0,8.3,8.3,6.3,,84,,2025
406,D'Wayne Eskridge,MIA,WR,28,9,0,0,0,0,0,0,0,0,,0,7,4,62,15.5,0,1,1,0,,,4.0,8.2,9.2,6.2,,164,,2025
407,Hassan Haskins,LAC,RB,26,7,0,0,0,0,0,0,12,30,2.5,0,4,4,13,3.25,0,0,0,0,,,4.0,8.3,8.3,6.3,,106,,2025
408,Jalin Hyatt,NYG,WR,24,7,0,0,0,0,0,0,0,0,,0,13,5,35,7.0,0,0,0,0,,,4.0,8.5,8.5,6.0,,169,,2025
409,Trey Lance,LAC,QB,25,2,0,6,12,81,0,0,4,12,3.0,0,0,0,0,,0,0,0,0,,,4.0,4.4,4.4,4.4,,51,,2025
410,Albert Okwuegbunam,LVR,TE,27,1,0,0,0,0,0,0,0,0,,0,6,5,36,7.2,0,0,0,0,,,4.0,8.6,8.6,6.1,,85,,2025
411,James Proche,TEN,WR,29,3,0,0,0,0,0,0,0,0,,0,3,3,42,14.0,0,0,0,0,,,4.0,7.2,7.2,5.7,,165,,2025
412,Marquez Valdes-Scantling,SFO,WR,31,5,0,0,0,0,0,0,0,0,,0,8,4,40,10.0,0,0,0,0,,,4.0,8.0,8.0,6.0,,166,,2025
413,Zamir White,LVR,RB,26,4,0,0,0,0,0,0,10,25,2.5,0,5,3,19,6.33,0,0,0,0,,,4.0,7.4,7.4,5.9,,105,,2025
414,Tyson Bagent,CHI,QB,25,3,0,3,4,47,0,0,2,7,3.5,0,0,0,0,,0,1,0,0,,,3.0,2.6,2.6,2.6,,53,,2025
415,Teddy Bridgewater,TAM,QB,33,4,0,8,15,62,0,0,3,4,1.33,0,0,0,0,,0,0,0,0,,,3.0,2.9,2.9,2.9,,52,,2025
416,Tahj Brooks,CIN,RB,23,11,0,0,0,0,0,0,9,28,3.11,0,1,0,0,,0,0,0,0,,,3.0,2.8,2.8,2.8,,110,,2025
417,Beaux Collins,NYG,WR,23,9,0,0,0,0,0,0,0,0,,0,6,2,25,12.5,0,0,0,0,,,3.0,4.5,4.5,3.5,,176,,2025
418,KhaDarel Hodge,ATL,WR,30,10,1,0,0,0,0,0,0,0,,0,10,3,31,10.33,0,0,0,0,,,3.0,6.1,6.1,4.6,,172,,2025
419,Jacoby Jones,WAS,WR,24,1,0,0,0,0,0,0,0,0,,0,1,1,25,25.0,0,0,0,0,,,3.0,3.5,3.5,3.0,,177,,2025
420,Gage Larvadain,CLE,WR,23,7,0,0,0,0,0,0,1,3,3.0,0,6,2,22,11.0,0,0,0,0,,,3.0,4.5,4.5,3.5,,178,,2025
421,James Mitchell,CAR,TE,26,3,0,0,0,0,0,0,0,0,,0,3,3,28,9.33,0,0,0,0,,,3.0,5.8,5.8,4.3,,87,,2025
422,Foster Moreau,NOR,TE,28,7,5,0,0,0,0,0,0,0,,0,6,3,25,8.33,0,0,0,0,,,3.0,5.5,5.5,4.0,,88,,2025
423,Dare Ogunbowale,HOU,RB,31,11,0,0,0,0,0,0,3,18,6.0,0,6,5,36,7.2,0,1,1,0,,,3.0,8.4,9.4,5.9,,109,,2025
424,Dameon Pierce,HOU,RB,25,4,0,0,0,0,0,0,10,26,2.6,0,1,0,0,,0,0,0,0,,,3.0,2.6,2.6,2.6,,111,,2025
425,Nikko Remigio,KAN,WR,26,11,0,0,0,0,0,0,1,11,11.0,0,1,1,21,21.0,0,1,0,0,,,3.0,4.2,4.2,3.7,,171,,2025
426,Xavier Restrepo,TEN,WR,23,1,0,0,0,0,0,0,0,0,,0,6,2,26,13.0,0,0,0,0,,,3.0,4.6,4.6,3.6,,174,,2025
427,Mason Tipton,NOR,WR,25,10,1,0,0,0,0,0,1,11,11.0,0,6,3,22,7.33,0,0,0,0,,,3.0,6.3,6.3,4.8,,170,,2025
428,Jordan Watkins,SFO,WR,23,3,0,0,0,0,0,0,0,0,,0,3,2,26,13.0,0,0,0,0,,,3.0,4.6,4.6,3.6,,175,,2025
429,Justin Watson,HOU,WR,29,2,0,0,0,0,0,0,0,0,,0,4,3,30,10.0,0,0,0,0,,,3.0,6.0,6.0,4.5,,173,,2025
430,Charlie Woerner,ATL,TE,28,11,8,0,0,0,0,0,0,0,,0,6,5,33,6.6,0,0,0,0,,,3.0,8.3,8.3,5.8,,86,,2025
431,Rasheen Ali,BAL,RB,24,9,0,0,0,0,0,0,1,5,5.0,0,1,1,15,15.0,0,0,0,0,,,2.0,3.0,3.0,2.5,,114,,2025
432,Brenden Bates,2TM,TE,26,5,1,0,0,0,0,0,0,0,,0,2,2,23,11.5,0,0,0,0,,,2.0,4.3,4.3,3.3,,89,,2025
433,Jake Bobo,SEA,WR,27,7,0,0,0,0,0,0,0,0,,0,2,2,20,10.0,0,0,0,0,,,2.0,4.0,4.0,3.0,,182,,2025
434,British Brooks,HOU,RB,26,9,2,0,0,0,0,0,4,15,3.75,0,0,0,0,,0,0,0,0,,,2.0,1.5,1.5,1.5,,118,,2025
435,Max Brosmer,MIN,QB,24,3,0,5,8,42,0,0,1,-1,-1.0,0,0,0,0,,0,0,0,0,,,2.0,1.6,1.6,1.6,,58,,2025
436,Dylan Drummond,ATL,WR,25,3,0,0,0,0,0,0,0,0,,0,3,3,18,6.0,0,0,0,0,,,2.0,4.8,4.8,3.3,,184,,2025
437,Clyde Edwards-Helaire,KAN,RB,26,2,0,0,0,0,0,0,7,13,1.86,0,2,2,9,4.5,0,0,0,0,,,2.0,4.2,4.2,3.2,,113,,2025
438,Quinn Ewers,MIA,QB,22,1,0,5,8,53,0,0,1,0,0.0,0,0,0,0,,0,2,0,0,,,2.0,2.1,2.1,2.1,,55,,2025
439,Tucker Fisk,LAC,TE,26,9,6,0,0,0,0,0,0,0,,0,4,2,19,9.5,0,0,0,0,,,2.0,3.9,3.9,2.9,,91,,2025
440,Tyler Goodson,IND,RB,25,6,0,0,0,0,0,0,5,12,2.4,0,3,2,8,4.0,0,0,0,0,,,2.0,4.0,4.0,3.0,,115,,2025
441,Roschon Johnson,CHI,RB,24,7,0,0,0,0,0,0,2,17,8.5,0,0,0,0,,0,0,0,0,,,2.0,1.7,1.7,1.7,,117,,2025
442,Tim Jones,2TM,WR,27,4,0,0,0,0,0,0,0,0,,0,1,1,15,15.0,0,0,0,0,,,2.0,2.5,2.5,2.0,,186,,2025
443,Lucas Krull,DEN,TE,27,3,3,0,0,0,0,0,0,0,,0,4,2,15,7.5,0,0,0,0,,,2.0,3.5,3.5,2.5,,93,,2025
444,Dylan Laube,LVR,RB,26,11,0,0,0,0,0,0,5,5,1.0,0,4,3,18,6.0,0,0,0,0,,,2.0,5.3,5.3,3.8,,112,,2025
445,Tay Martin,WAS,WR,28,3,0,0,0,0,0,0,0,0,,0,2,2,23,11.5,0,0,0,0,,,2.0,4.3,4.3,3.3,,180,,2025
446,David Moore,CAR,WR,30,4,2,0,0,0,0,0,1,12,12.0,0,1,1,5,5.0,0,0,0,0,,,2.0,2.7,2.7,2.2,,185,,2025
447,Tip Reiman,ARI,TE,24,4,3,0,0,0,0,0,0,0,,0,5,3,18,6.0,0,0,0,0,,,2.0,4.8,4.8,3.3,,92,,2025
448,Cooper Rush,BAL,QB,32,4,2,34,52,303,0,4,4,-4,-1.0,0,0,0,0,,0,1,1,0,,,2.0,1.7,9.7,5.7,,56,,2025
449,Trent Sherfield,DEN,WR,29,10,3,0,0,0,0,0,0,0,,0,4,3,21,7.0,0,0,0,0,,,2.0,5.1,5.1,3.6,,181,,2025
450,Cade Stover,HOU,TE,25,3,2,0,0,0,0,0,0,0,,0,6,4,22,5.5,0,0,0,0,,,2.0,6.2,6.2,4.2,,90,,2025
451,Mitchell Trubisky,BUF,QB,31,3,0,3,6,54,0,0,4,1,0.25,0,0,0,0,,0,0,0,0,,,2.0,2.3,2.3,2.3,,54,,2025
452,Jared Wayne,HOU,WR,25,1,1,0,0,0,0,0,0,0,,0,2,2,20,10.0,0,0,0,0,,,2.0,4.0,4.0,3.0,,183,,2025
453,Xavier Weaver,ARI,WR,25,6,1,0,0,0,0,0,0,0,,0,7,3,24,8.0,0,0,0,0,,,2.0,5.4,5.4,3.9,,179,,2025
454,Zach Wilson,MIA,QB,26,2,0,6,9,32,0,0,1,3,3.0,0,0,0,0,,0,0,0,0,,,2.0,1.6,1.6,1.6,,57,,2025
455,Jacardia Wright,SEA,RB,25,1,0,0,0,0,0,0,5,20,4.0,0,0,0,0,,0,0,0,0,,,2.0,2.0,2.0,2.0,,116,,2025
456,Andre Baccellia,ARI,WR,28,2,0,0,0,0,0,0,0,0,,0,1,1,5,5.0,0,0,0,0,,,1.0,1.5,1.5,1.0,,195,,2025
457,Alex Bachman,LVR,WR,29,8,0,0,0,0,0,0,0,0,,0,2,1,9,9.0,0,0,0,0,,,1.0,1.9,1.9,1.4,,189,,2025
458,Harrison Bryant,HOU,TE,27,8,3,0,0,0,0,0,0,0,,0,6,2,7,3.5,0,0,0,0,,,1.0,2.7,2.7,1.7,,98,,2025
459,Darius Cooper,PHI,WR,24,7,0,0,0,0,0,0,0,0,,0,2,2,7,3.5,0,0,0,0,,,1.0,2.7,2.7,1.7,,194,,2025
460,Josiah Deguara,ARI,TE,28,6,0,0,0,0,0,0,0,0,,0,1,1,6,6.0,0,0,0,0,,,1.0,1.6,1.6,1.1,,100,,2025
461,Tai Felton,MIN,WR,22,11,0,0,0,0,0,0,0,0,,0,1,1,9,9.0,0,0,0,0,,,1.0,1.9,1.9,1.4,,190,,2025
462,Cam Grandy,CIN,TE,25,3,1,0,0,0,0,0,0,0,,0,1,1,6,6.0,0,1,0,0,,,1.0,1.6,1.6,1.1,,101,,2025
463,Kylen Granson,PHI,TE,27,11,2,0,0,0,0,0,0,0,,0,4,3,10,3.33,0,0,0,0,,,1.0,4.0,4.0,2.5,,97,,2025
464,C.J. Ham,MIN,FB,32,5,0,0,0,0,0,0,0,0,,0,1,1,5,5.0,0,0,0,0,,,1.0,1.5,1.5,1.0,,124,,2025
465,Amar Johnson,LAC,RB,22,2,0,0,0,0,0,0,2,8,4.0,0,1,0,0,,0,0,0,0,,,1.0,0.8,0.8,0.8,,121,,2025
466,D'Ernest Johnson,2TM,RB,29,4,0,0,0,0,0,0,5,7,1.4,0,0,0,0,,0,0,0,0,,,1.0,0.7,0.7,0.7,,122,,2025
467,Mason Kinsey,TEN,WR,27,5,0,0,0,0,0,0,0,0,,0,3,1,14,14.0,0,0,0,0,,,1.0,2.4,2.4,1.9,,187,,2025
468,Chris Manhertz,NYG,TE,33,12,2,0,0,0,0,0,0,0,,0,1,1,7,7.0,0,0,0,0,,,1.0,1.7,1.7,1.2,,99,,2025
469,Scott Miller,PIT,WR,28,8,0,0,0,0,0,0,0,0,,0,2,1,9,9.0,0,0,0,0,,,1.0,1.9,1.9,1.4,,191,,2025
470,Quintin Morris,JAX,TE,26,8,2,0,0,0,0,0,0,0,,0,3,1,11,11.0,0,0,0,0,,,1.0,2.1,2.1,1.6,,96,,2025
471,Bryce Oliver,TEN,WR,25,2,0,0,0,0,0,0,0,0,,0,1,1,8,8.0,0,0,0,0,,,1.0,1.8,1.8,1.3,,193,,2025
472,Dante Pettis,NOR,WR,30,2,0,0,0,0,0,0,0,0,,0,1,1,14,14.0,0,0,0,0,,,1.0,2.4,2.4,1.9,,188,,2025
473,Anthony Richardson,IND,QB,23,2,0,1,2,9,0,0,4,-1,-0.25,0,1,1,9,9.0,0,0,0,0,,,1.0,2.2,2.2,1.7,,59,,2025
474,Eric Saubert,SEA,TE,31,7,1,0,0,0,0,0,0,0,,0,1,1,12,12.0,0,0,0,0,,,1.0,2.2,2.2,1.7,,94,,2025
475,Jacob Saylors,DET,RB,24,10,0,0,0,0,0,0,2,11,5.5,0,0,0,0,,0,0,0,0,,,1.0,1.1,1.1,1.1,,119,,2025
476,Durham Smythe,CHI,TE,30,11,1,0,0,0,0,0,0,0,,0,4,2,12,6.0,0,0,0,0,,,1.0,3.2,3.2,2.2,,95,,2025
477,Josh Williams,TAM,RB,25,3,0,0,0,0,0,0,4,11,2.75,0,0,0,0,,0,0,0,0,,,1.0,1.1,1.1,1.1,,120,,2025
478,Cedrick Wilson Jr.,MIA,WR,30,4,0,0,0,0,0,0,0,0,,0,2,2,9,4.5,0,0,0,0,,,1.0,2.9,2.9,1.9,,192,,2025
479,Owen Wright,TAM,RB,26,3,0,0,0,0,0,0,3,6,2.0,0,0,0,0,,0,0,0,0,,,1.0,0.6,0.6,0.6,,123,,2025
480,Ben Yurosek,MIN,TE,23,8,0,0,0,0,0,0,0,0,,0,2,1,5,5.0,0,0,0,0,,,1.0,1.5,1.5,1.0,,102,,2025
481,Jamal Agnew,ATL,WR,30,9,0,0,0,0,0,0,0,0,,0,0,0,0,,0,2,0,0,,,,,,,,199,,2025
482,Kyle Allen,DET,QB,29,3,0,0,2,0,0,0,3,-3,-1.0,0,0,0,0,,0,0,0,0,,,,-0.3,-0.3,-0.3,,71,,2025
483,Kevin Austin,NOR,WR,25,2,0,0,0,0,0,0,0,0,,0,1,0,0,,0,0,0,0,,,,,,,,200,,2025
484,Michael Bandy,DEN,WR,28,2,0,0,0,0,0,0,0,0,,0,1,1,16,16.0,0,1,1,0,,,,0.6,1.6,0.1,,227,,2025
485,Ulysses Bentley,IND,RB,25,1,0,0,0,0,0,0,1,0,0.0,0,0,0,0,,0,0,0,0,,,,,,,,130,,2025
486,Gary Brightwell,CIN,RB,26,1,0,0,0,0,0,0,0,0,,0,0,0,0,,0,0,0,0,,,,,,,,131,,2025
487,Jalen Brooks,DAL,WR,25,1,0,0,0,0,0,0,0,0,,0,0,0,0,,0,0,0,0,,,,,,,,201,,2025
488,Ja'Corey Brooks,WAS,WR,24,1,0,0,0,0,0,0,0,0,,0,0,0,0,,0,0,0,0,,,,,,,,202,,2025
489,Jason Brownlee,KAN,WR,26,5,0,0,0,0,0,0,0,0,,0,1,0,0,,0,0,0,0,,,,,,,,203,,2025
490,Pharaoh Brown,ARI,TE,31,2,1,0,0,0,0,0,0,0,,0,0,0,0,,0,0,0,0,,,,,,,,109,,2025
491,Dalen Cambre,NYG,WR,24,2,0,0,0,0,0,0,0,0,,0,0,0,0,,0,0,0,0,,,,,,,,204,,2025
492,Dalevon Campbell,CAR,WR,24,2,0,0,0,0,0,0,0,0,,0,0,0,0,,0,0,0,0,,,,,,,,205,,2025
493,Parris Campbell,DAL,WR,28,1,0,0,0,0,0,0,0,0,,0,0,0,0,,0,0,0,0,,,,,,,,206,,2025
494,Stephen Carlson,CHI,TE,29,2,0,0,0,0,0,0,0,0,,0,0,0,0,,0,0,0,0,,,,,,,,110,,2025
495,DeAndre Carter,CLE,WR,32,4,0,0,0,0,0,0,0,0,,0,0,0,0,,0,1,0,0,,,,,,,,207,,2025
496,Ty Chandler,MIN,RB,27,1,0,0,0,0,0,0,0,0,,0,0,0,0,,0,0,0,0,,,,,,,,132,,2025
497,Dan Chisena,CAR,WR,28,1,0,0,0,0,0,0,0,0,,0,0,0,0,,0,0,0,0,,,,,,,,208,,2025
498,Efton Chism,NWE,WR,24,5,0,0,0,0,0,0,0,0,,0,0,0,0,,0,0,0,0,,,,,,,,209,,2025
499,Devin Culp,TAM,TE,25,8,0,0,0,0,0,0,0,0,,0,0,0,0,,0,0,0,0,,,,,,,,111,,2025
500,DeeJay Dallas,CAR,RB,27,3,0,0,0,0,0,0,1,0,0.0,0,0,0,0,,0,0,0,0,,,,,,,,133,,2025
501,Kaden Davis,CLE,WR,27,2,0,0,0,0,0,0,0,0,,0,0,0,0,,0,0,0,0,,,,,,,,210,,2025
502,Joshua Dobbs,NWE,QB,30,2,0,1,2,12,0,0,5,-4,-0.8,0,0,0,0,,0,0,0,0,,,,0.1,0.1,0.1,,62,,2025
503,Payne Durham,TAM,TE,25,11,7,0,0,0,0,0,0,0,,0,2,0,0,,0,0,0,0,,,,,,,,112,,2025
504,Devin Duvernay,CHI,WR,28,11,0,0,0,0,0,0,0,0,,0,3,1,2,2.0,0,0,0,0,,,,1.2,1.2,0.7,,197,,2025
505,Ross Dwelley,DET,TE,30,9,0,0,0,0,0,0,0,0,,0,1,0,0,,0,0,0,0,,,,,,,,113,,2025
506,Chase Edmonds,WAS,RB,29,1,0,0,0,0,0,0,0,0,,0,0,0,0,,0,0,0,0,,,,,,,,134,,2025
507,Audric Estime,NOR,RB,22,1,0,0,0,0,0,0,0,0,,0,0,0,0,,0,0,0,0,,,,,,,,135,,2025
508,Princeton Fant,DAL,TE,26,1,0,0,0,0,0,0,0,0,,0,0,0,0,,0,0,0,0,,,,,,,,114,,2025
509,Simi Fehoko,ARI,WR,28,8,0,0,0,0,0,0,0,0,,0,0,0,0,,0,0,0,0,,,,,,,,211,,2025
510,Thomas Fidone,NYG,TE,23,7,0,0,0,0,0,0,0,0,,0,0,0,0,,0,0,0,0,,,,,,,,115,,2025
511,Anthony Firkser,DET,TE,30,1,0,0,0,0,0,0,0,0,,0,0,0,0,,0,0,0,0,,,,,,,,116,,2025
512,Feleipe Franks,ATL,TE,28,11,0,0,0,0,0,0,2,4,2.0,0,0,0,0,,0,0,0,0,,,,0.4,0.4,0.4,,103,,2025
513,Russell Gage,SFO,WR,29,1,0,0,0,0,0,0,0,0,,0,0,0,0,,0,0,0,0,,,,,,,,212,,2025
514,Jimmy Garoppolo,LAR,QB,34,1,0,0,0,0,0,0,3,-3,-1.0,0,0,0,0,,0,0,0,0,,,,-0.3,-0.3,-0.3,,70,,2025
515,Reggie Gilliam,BUF,FB,28,11,2,0,0,0,0,0,0,0,,0,1,1,2,2.0,0,0,0,0,,,,1.2,1.2,0.7,,128,,2025
516,Anthony Gould,IND,WR,24,9,1,0,0,0,0,0,0,0,,0,1,1,3,3.0,0,0,0,0,,,,1.3,1.3,0.8,,196,,2025
517,Eric Gray,NYG,RB,26,1,0,0,0,0,0,0,0,0,,0,0,0,0,,0,0,0,0,,,,,,,,136,,2025
518,Isaac Guerendo,SFO,RB,25,12,0,0,0,0,0,0,0,0,,0,0,0,0,,0,0,0,0,,,,,,,,137,,2025
519,Khalil Herbert,NYJ,RB,27,2,0,0,0,0,0,0,0,0,,0,0,0,0,,0,0,0,0,,,,,,,,138,,2025
520,Nyheim Hines,LAC,RB,29,3,0,0,0,0,0,0,2,-2,-1.0,0,0,0,0,,0,0,0,0,,,,-0.2,-0.2,-0.2,,155,,2025
521,Travis Homer,CHI,RB,27,5,0,0,0,0,0,0,1,-2,-2.0,0,0,0,0,,0,0,0,0,,,,-0.2,-0.2,-0.2,,156,,2025
522,Jarquez Hunter,LAR,RB,23,5,0,0,0,0,0,0,0,0,,0,0,0,0,,0,0,0,0,,,,,,,,139,,2025
523,Shedrick Jackson,LVR,WR,26,1,0,0,0,0,0,0,0,0,,0,0,0,0,,0,0,0,0,,,,,,,,213,,2025
524,Jermar Jefferson,ARI,RB,25,1,0,0,0,0,0,0,0,0,,0,0,0,0,,0,0,0,0,,,,,,,,140,,2025
525,E.J. Jenkins,PHI,TE,27,1,0,0,0,0,0,0,0,0,,0,0,0,0,,0,0,0,0,,,,,,,,117,,2025
526,Jakob Johnson,HOU,FB,31,5,2,0,0,0,0,0,0,0,,0,0,0,0,,0,0,0,0,,,,,,,,141,,2025
527,Josh Johnson,WAS,QB,39,2,0,0,0,0,0,0,0,0,,0,0,0,0,,0,0,0,0,,,,,,,,64,,2025
528,Velus Jones Jr.,NOR,RB,28,5,0,0,0,0,0,0,0,0,,0,0,0,0,,0,0,0,0,,,,,,,,142,,2025
529,Nikola Kalinic,CHI,TE,28,1,0,0,0,0,0,0,0,0,,0,0,0,0,,0,0,0,0,,,,,,,,118,,2025
530,Nick Kallerup,SEA,TE,24,4,0,0,0,0,0,0,0,0,,0,1,0,0,,0,0,0,0,,,,,,,,119,,2025
531,Ko Kieft,TAM,TE,27,3,0,0,0,0,0,0,0,0,,0,0,0,0,,0,0,0,0,,,,,,,,120,,2025
532,KeAndre Lambert-Smith,LAC,WR,24,6,1,0,0,0,0,0,0,0,,0,4,1,1,1.0,0,0,0,0,,,,1.1,1.1,0.6,,198,,2025
533,Cameron Latu,PHI,TE,25,10,1,0,0,0,0,0,0,0,,0,0,0,0,,0,0,0,0,,,,,,,,121,,2025
534,Keleki Latu,BUF,TE,23,2,0,0,0,0,0,0,0,0,,0,1,1,4,4.0,0,0,0,0,,,,1.4,1.4,0.9,,104,,2025
535,Riley Leonard,IND,QB,23,1,0,0,2,0,0,0,1,1,1.0,0,0,0,0,,0,0,0,0,,,,0.1,0.1,0.1,,60,,2025
536,Marcedes Lewis,DEN,TE,41,3,1,0,0,0,0,0,0,0,,0,0,0,0,,0,0,0,0,,,,,,,,122,,2025
537,Drew Lock,SEA,QB,29,3,0,2,3,15,0,0,5,-5,-1.0,0,0,0,0,,0,1,0,0,,,,0.1,0.1,0.1,,61,,2025
538,Dominic Lovett,DET,WR,23,11,0,0,0,0,0,0,0,0,,0,0,0,0,,0,0,0,0,,,,,,,,214,,2025
539,Will Mallory,IND,TE,26,1,0,0,0,0,0,0,0,0,,0,0,0,0,,0,0,0,0,,,,,,,,123,,2025
540,Adrian Martinez,SFO,QB,25,1,0,0,0,0,0,0,1,-1,-1.0,0,0,0,0,,0,0,0,0,,,,-0.1,-0.1,-0.1,,68,,2025
541,Moliki Matavao,NOR,TE,22,3,0,0,0,0,0,0,0,0,,0,0,0,0,,0,0,0,0,,,,,,,,124,,2025
542,Tanner McKee,PHI,QB,25,1,0,0,0,0,0,0,3,-2,-0.67,0,0,0,0,,0,0,0,0,,,,-0.2,-0.2,-0.2,,69,,2025
543,Jackson Meeks,DET,WR,22,2,0,0,0,0,0,0,0,0,,0,0,0,0,,0,0,0,0,,,,,,,,215,,2025
544,Kendall Milton,CIN,RB,23,1,0,0,0,0,0,0,2,2,1.0,0,0,0,0,,0,0,0,0,,,,0.2,0.2,0.2,,129,,2025
545,Jordan Mims,TEN,RB,26,1,0,0,0,0,0,0,0,0,,0,0,0,0,,0,0,0,0,,,,,,,,143,,2025
546,Jonathan Mingo,DAL,WR,24,1,0,0,0,0,0,0,0,0,,0,0,0,0,,0,0,0,0,,,,,,,,216,,2025
547,Elijah Mitchell,KAN,RB,27,1,0,0,0,0,0,0,0,0,,0,1,0,0,,0,0,0,0,,,,,,,,144,,2025
548,Jalen Moreno-Cropper,DAL,WR,24,3,0,0,0,0,0,0,0,0,,0,0,0,0,,0,1,0,0,,,,,,,,217,,2025
549,Kalel Mullings,TEN,RB,23,3,0,0,0,0,0,0,0,0,,0,0,0,0,,0,0,0,0,,,,,,,,145,,2025
550,Nick Mullens,JAX,QB,30,1,0,0,0,0,0,0,0,0,,0,0,0,0,,0,0,0,0,,,,,,,,65,,2025
551,Lew Nichols,PIT,RB,24,1,0,0,0,0,0,0,0,0,,0,0,0,0,,0,0,0,0,,,,,,,,146,,2025
552,Robbie Ouzts,SEA,FB,23,7,2,0,0,0,0,0,0,0,,0,0,0,0,,0,0,0,0,,,,,,,,147,,2025
553,Brennan Presley,LAR,WR,23,1,0,0,0,0,0,0,0,0,,0,0,0,0,,0,0,0,0,,,,,,,,218,,2025
554,Teagan Quitoriano,ATL,TE,25,11,1,0,0,0,0,0,0,0,,0,0,0,0,,0,0,0,0,,,,,,,,125,,2025
555,Craig Reynolds,DET,RB,29,7,0,0,0,0,0,0,3,4,1.33,0,0,0,0,,0,0,0,0,,,,0.4,0.4,0.4,,125,,2025
556,Patrick Ricard,BAL,FB,31,5,1,0,0,0,0,0,1,3,3.0,0,0,0,0,,0,0,0,0,,,,0.3,0.3,0.3,,127,,2025
557,Ronnie Rivers,LAR,RB,26,5,0,0,0,0,0,0,0,0,,0,0,0,0,,0,0,0,0,,,,,,,,148,,2025
558,Jalen Royals,KAN,WR,22,4,0,0,0,0,0,0,0,0,,0,0,0,0,,0,0,0,0,,,,,,,,219,,2025
559,Hayden Rucci,MIA,TE,24,4,0,0,0,0,0,0,0,0,,0,0,0,0,,0,0,0,0,,,,,,,,126,,2025
560,Carter Runyon,LVR,TE,24,7,0,0,0,0,0,0,0,0,,0,1,1,3,3.0,0,0,0,0,,,,1.3,1.3,0.8,,107,,2025
561,Brady Russell,SEA,TE,27,11,1,0,0,0,0,0,0,0,,0,0,0,0,,0,0,0,0,,,,,,,,127,,2025
562,Brett Rypien,CIN,QB,29,1,0,0,0,0,0,0,0,0,,0,0,0,0,,0,0,0,0,,,,,,,,63,,2025
563,Cody Schrader,LAR,RB,26,1,0,0,0,0,0,0,0,0,,0,0,0,0,,0,0,0,0,,,,,,,,149,,2025
564,Trey Sermon,PIT,RB,26,4,0,0,0,0,0,0,0,0,,0,0,0,0,,0,0,0,0,,,,,,,,150,,2025
565,Justin Shorter,LVR,TE,25,7,0,0,0,0,0,0,0,0,,0,0,0,0,,0,0,0,0,,,,,,,,128,,2025
566,Ben Sims,2TM,TE,25,5,1,0,0,0,0,0,0,0,,0,0,0,0,,0,0,0,0,,,,,,,,129,,2025
567,Kedon Slovis,ARI,QB,24,2,0,1,2,-2,0,0,0,0,,0,0,0,0,,0,0,0,0,,,,-0.1,-0.1,-0.1,,66,,2025
568,Stone Smartt,NYJ,TE,27,9,0,0,0,0,0,0,0,0,,0,0,0,0,,0,0,0,0,,,,,,,,130,,2025
569,Brandon Smith,NYJ,WR,27,2,0,0,0,0,0,0,0,0,,0,0,0,0,,0,0,0,0,,,,,,,,220,,2025
570,Jarrett Stidham,DEN,QB,29,1,0,0,0,0,0,0,1,-1,-1.0,0,0,0,0,,0,0,0,0,,,,-0.1,-0.1,-0.1,,67,,2025
571,Deven Thompkins,ATL,WR,26,1,0,0,0,0,0,0,0,0,,0,0,0,0,,0,0,0,0,,,,,,,,221,,2025
572,Robert Tonyan,KAN,TE,31,11,0,0,0,0,0,0,0,0,,0,1,1,1,1.0,0,0,0,0,,,,1.1,1.1,0.6,,108,,2025
573,Laquon Treadwell,IND,WR,30,4,0,0,0,0,0,0,0,0,,0,0,0,0,,0,0,0,0,,,,,,,,222,,2025
574,Malik Turner,SFO,WR,29,3,0,0,0,0,0,0,0,0,,0,1,0,0,,0,0,0,0,,,,,,,,223,,2025
575,Sione Vaki,DET,RB,24,5,0,0,0,0,0,0,1,4,4.0,0,0,0,0,,0,0,0,0,,,,0.4,0.4,0.4,,126,,2025
576,Nick Vannett,MIN,TE,32,4,1,0,0,0,0,0,0,0,,0,0,0,0,,0,0,0,0,,,,,,,,131,,2025
577,Travis Vokolek,ARI,TE,27,5,1,0,0,0,0,0,0,0,,0,0,0,0,,0,0,0,0,,,,,,,,132,,2025
578,Jahdae Walker,CHI,WR,23,5,0,0,0,0,0,0,0,0,,0,0,0,0,,0,0,0,0,,,,,,,,224,,2025
579,Carlos Washington,ATL,RB,27,1,0,0,0,0,0,0,0,0,,0,0,0,0,,0,0,0,0,,,,,,,,151,,2025
580,Treyton Welch,NOR,TE,24,1,0,0,0,0,0,0,0,0,,0,0,0,0,,0,0,0,0,,,,,,,,133,,2025
581,Jack Westover,NWE,FB,26,12,1,0,0,0,0,0,0,0,,0,1,0,0,,0,0,0,0,,,,,,,,152,,2025
582,Blake Whiteheart,CLE,TE,25,11,2,0,0,0,0,0,0,0,,0,3,2,4,2.0,0,1,0,0,,,,2.4,2.4,1.4,,105,,2025
583,Ricky White,SEA,WR,23,2,0,0,0,0,0,0,0,0,,0,0,0,0,,0,0,0,0,,,,,,,,225,,2025
584,Avery Williams,NYJ,WR,27,1,0,0,0,0,0,0,0,0,,0,0,0,0,,0,0,0,0,,,,,,,,226,,2025
585,Brayden Willis,SFO,TE,26,5,0,0,0,0,0,0,0,0,,0,1,0,0,,0,0,0,0,,,,,,,,134,,2025
586,Trayveon Williams,LAC,RB,28,2,0,0,0,0,0,0,3,-1,-0.33,0,1,1,0,0.0,0,0,0,0,,,,0.9,0.9,0.4,,154,,2025
587,Jeff Wilson,MIA,RB,30,2,0,0,0,0,0,0,0,0,,0,0,0,0,,0,0,0,0,,,,,,,,153,,2025
588,Jelani Woods,NYJ,TE,27,1,0,0,0,0,0,0,0,0,,0,0,0,0,,0,0,0,0,,,,,,,,135,,2025
589,Colson Yankoff,WAS,TE,25,9,0,0,0,0,0,0,0,0,,0,1,1,4,4.0,0,0,0,0,,,,1.4,1.4,0.9,,106,,2025
590,Shane Zylstra,DET,TE,29,2,0,0,0,0,0,0,0,0,,0,0,0,0,,0,0,0,0,,,,,,,,136,,2025
591,Derius Davis,LAC,WR,25,8,0,0,0,0,0,0,2,5,2.5,0,2,1,3,3.0,0,1,1,0,,,-1.0,-0.2,0.8,-0.7,,229,,2025
592,Gardner Minshew II,KAN,QB,29,2,0,0,0,0,0,0,5,-6,-1.2,0,0,0,0,,0,0,0,0,,,-1.0,-0.6,-0.6,-0.6,,72,,2025
593,Tahj Washington,MIA,WR,24,4,1,0,0,0,0,0,0,0,,0,2,1,11,11.0,0,1,1,0,,,-1.0,0.1,1.1,-0.4,,228,,2025
594,Mecole Hardman,BUF,WR,27,1,0,0,0,0,0,0,0,0,,0,1,0,0,,0,1,1,0,,,-2.0,-2.0,-1.0,-2.0,,230,,2025
595,Jalen Milroe,SEA,QB,23,3,0,0,0,0,0,0,3,4,1.33,0,0,0,0,,0,1,1,0,,,-2.0,-1.6,-0.6,-1.6,,73,,2025
596,Kenny Pickett,LVR,QB,27,2,0,2,3,8,0,0,1,0,0.0,0,0,0,0,,0,1,1,0,,,-2.0,-1.7,-0.7,-1.7,,74,,2025
597,LaJohntay Wester,BAL,WR,23,11,0,0,0,0,0,0,0,0,,0,0,0,0,,0,2,1,0,,,-2.0,-2.0,-1.0,-2.0,,231,,2025
598,Ke'Shawn Williams,PIT,WR,24,7,0,0,0,0,0,0,0,0,,0,0,0,0,,0,2,1,0,,,-2.0,-2.0,-1.0,-2.0,,232,,2025
599,Xavier Gipson,2TM,WR,24,6,0,0,0,0,0,0,0,0,,0,2,2,6,3.0,0,3,2,0,,,-3.0,-1.4,0.6,-2.4,,233,,2025
600,Myles Price,MIN,WR,24,11,0,0,0,0,0,0,0,0,,0,0,0,0,,0,4,3,0,,,-6.0,-6.0,-3.0,-6.0,,234,,2025
